2020,5,1,0,6.7
2020,5,1,1,5.7
2020,5,1,2,4.9
2020,5,1,3,4.3
2020,5,1,4,3.5
2020,5,1,5,3
2020,5,1,6,2.6
2020,5,1,7,2.5
2020,5,1,8,2.5
2020,5,1,9,2.4
2020,5,1,10,2.2
2020,5,1,11,3.2
2020,5,1,12,5.6
2020,5,1,13,8.9
2020,5,1,14,11.8
2020,5,1,15,13.6
2020,5,1,16,15.1
2020,5,1,17,16.4
2020,5,1,18,17.4
2020,5,1,19,18.1
2020,5,1,20,18.2
2020,5,1,21,17.5
2020,5,1,22,16.4
2020,5,1,23,15.1
2020,5,2,0,14.3
2020,5,2,1,13.2
2020,5,2,2,11.7
2020,5,2,3,11.2
2020,5,2,4,11
2020,5,2,5,10.9
2020,5,2,6,10.8
2020,5,2,7,10.8
2020,5,2,8,10.9
2020,5,2,9,10.8
2020,5,2,10,10.6
2020,5,2,11,11.3
2020,5,2,12,12.9
2020,5,2,13,15.8
2020,5,2,14,18.9
2020,5,2,15,21
2020,5,2,16,22.7
2020,5,2,17,24.4
2020,5,2,18,25.5
2020,5,2,19,25.3
2020,5,2,20,24.6
2020,5,2,21,25
2020,5,2,22,23.4
2020,5,2,23,21.1
2020,5,3,0,18.8
2020,5,3,1,17.2
2020,5,3,2,16.2
2020,5,3,3,15.3
2020,5,3,4,14.6
2020,5,3,5,14.3
2020,5,3,6,14.5
2020,5,3,7,14.4
2020,5,3,8,13.6
2020,5,3,9,12.3
2020,5,3,10,11.9
2020,5,3,11,12.8
2020,5,3,12,14.2
2020,5,3,13,15.9
2020,5,3,14,18
2020,5,3,15,19.8
2020,5,3,16,21.1
2020,5,3,17,21.8
2020,5,3,18,21.6
2020,5,3,19,21.1
2020,5,3,20,20.5
2020,5,3,21,19.8
2020,5,3,22,18.4
2020,5,3,23,17
2020,5,4,0,13.6
2020,5,4,1,11.9
2020,5,4,2,11
2020,5,4,3,10.2
2020,5,4,4,9.7
2020,5,4,5,9.2
2020,5,4,6,8.6
2020,5,4,7,7.9
2020,5,4,8,7.1
2020,5,4,9,6.3
2020,5,4,10,5.2
2020,5,4,11,5.1
2020,5,4,12,6.5
2020,5,4,13,8.5
2020,5,4,14,10.6
2020,5,4,15,12.3
2020,5,4,16,13.8
2020,5,4,17,14.7
2020,5,4,18,14.9
2020,5,4,19,15.1
2020,5,4,20,15
2020,5,4,21,14.9
2020,5,4,22,14.4
2020,5,4,23,13.3
2020,5,5,0,11.7
2020,5,5,1,11.3
2020,5,5,2,10.4
2020,5,5,3,9.8
2020,5,5,4,9.7
2020,5,5,5,9.8
2020,5,5,6,9.6
2020,5,5,7,9.2
2020,5,5,8,8.6
2020,5,5,9,7.7
2020,5,5,10,6.5
2020,5,5,11,5.9
2020,5,5,12,6.3
2020,5,5,13,7.2
2020,5,5,14,8.4
2020,5,5,15,9.7
2020,5,5,16,10.7
2020,5,5,17,11.1
2020,5,5,18,11.1
2020,5,5,19,10.8
2020,5,5,20,10.5
2020,5,5,21,10.1
2020,5,5,22,9.3
2020,5,5,23,8.4
2020,5,6,0,7.2
2020,5,6,1,6.3
2020,5,6,2,5.7
2020,5,6,3,5.1
2020,5,6,4,4.7
2020,5,6,5,4.6
2020,5,6,6,4.4
2020,5,6,7,3.8
2020,5,6,8,3.1
2020,5,6,9,2.8
2020,5,6,10,2.7
2020,5,6,11,3
2020,5,6,12,4.2
2020,5,6,13,6.7
2020,5,6,14,8.9
2020,5,6,15,10.9
2020,5,6,16,12.4
2020,5,6,17,13.5
2020,5,6,18,14.4
2020,5,6,19,14.9
2020,5,6,20,15
2020,5,6,21,14.6
2020,5,6,22,13.8
2020,5,6,23,12
2020,5,7,0,8.3
2020,5,7,1,6.7
2020,5,7,2,6.5
2020,5,7,3,6.3
2020,5,7,4,5.7
2020,5,7,5,5.3
2020,5,7,6,4.9
2020,5,7,7,4.6
2020,5,7,8,4.5
2020,5,7,9,4.3
2020,5,7,10,4.2
2020,5,7,11,5.8
2020,5,7,12,8.1
2020,5,7,13,11.1
2020,5,7,14,14.4
2020,5,7,15,16.8
2020,5,7,16,18
2020,5,7,17,18.6
2020,5,7,18,18.9
2020,5,7,19,19
2020,5,7,20,18.8
2020,5,7,21,18
2020,5,7,22,16.9
2020,5,7,23,15.4
2020,5,8,0,12.8
2020,5,8,1,11.8
2020,5,8,2,11.5
2020,5,8,3,11.1
2020,5,8,4,10.9
2020,5,8,5,10.6
2020,5,8,6,10.2
2020,5,8,7,9.2
2020,5,8,8,8.6
2020,5,8,9,8.7
2020,5,8,10,8.2
2020,5,8,11,7.9
2020,5,8,12,7.9
2020,5,8,13,8.2
2020,5,8,14,8.9
2020,5,8,15,9.8
2020,5,8,16,10.3
2020,5,8,17,10.3
2020,5,8,18,9.8
2020,5,8,19,8.8
2020,5,8,20,7.6
2020,5,8,21,6.6
2020,5,8,22,5.5
2020,5,8,23,3.9
2020,5,9,0,1.9
2020,5,9,1,0.1
2020,5,9,2,-1
2020,5,9,3,-1.8
2020,5,9,4,-2.3
2020,5,9,5,-2.8
2020,5,9,6,-3
2020,5,9,7,-3.2
2020,5,9,8,-3.5
2020,5,9,9,-4
2020,5,9,10,-4.5
2020,5,9,11,-2.4
2020,5,9,12,0.4
2020,5,9,13,3.4
2020,5,9,14,5.8
2020,5,9,15,7.5
2020,5,9,16,8.8
2020,5,9,17,10
2020,5,9,18,11
2020,5,9,19,11.7
2020,5,9,20,12
2020,5,9,21,12
2020,5,9,22,11.6
2020,5,9,23,10.3
2020,5,10,0,7.3
2020,5,10,1,5.9
2020,5,10,2,5.6
2020,5,10,3,5.6
2020,5,10,4,5.9
2020,5,10,5,5.9
2020,5,10,6,5.7
2020,5,10,7,5.6
2020,5,10,8,5.5
2020,5,10,9,5.8
2020,5,10,10,6
2020,5,10,11,6.2
2020,5,10,12,6.8
2020,5,10,13,8.7
2020,5,10,14,11.9
2020,5,10,15,14.1
2020,5,10,16,14.6
2020,5,10,17,13.7
2020,5,10,18,12.9
2020,5,10,19,12.3
2020,5,10,20,11.6
2020,5,10,21,10.6
2020,5,10,22,9.4
2020,5,10,23,8
2020,5,11,0,6.6
2020,5,11,1,4.5
2020,5,11,2,2.6
2020,5,11,3,1.7
2020,5,11,4,1.5
2020,5,11,5,1.2
2020,5,11,6,1
2020,5,11,7,0.9
2020,5,11,8,0.9
2020,5,11,9,1
2020,5,11,10,1
2020,5,11,11,1.6
2020,5,11,12,3.5
2020,5,11,13,5.9
2020,5,11,14,7.4
2020,5,11,15,8.6
2020,5,11,16,9.3
2020,5,11,17,9.9
2020,5,11,18,10.4
2020,5,11,19,10.7
2020,5,11,20,10.8
2020,5,11,21,10.4
2020,5,11,22,9.8
2020,5,11,23,8.9
2020,5,12,0,6.6
2020,5,12,1,5
2020,5,12,2,4.9
2020,5,12,3,5.1
2020,5,12,4,4.9
2020,5,12,5,3.9
2020,5,12,6,3.3
2020,5,12,7,2.9
2020,5,12,8,2.1
2020,5,12,9,1.3
2020,5,12,10,0.7
2020,5,12,11,2.9
2020,5,12,12,6.1
2020,5,12,13,9.4
2020,5,12,14,11.2
2020,5,12,15,12.1
2020,5,12,16,12.9
2020,5,12,17,13.8
2020,5,12,18,14.8
2020,5,12,19,15.3
2020,5,12,20,15.3
2020,5,12,21,15.2
2020,5,12,22,14.9
2020,5,12,23,13.8
2020,5,13,0,11.5
2020,5,13,1,10.7
2020,5,13,2,10.4
2020,5,13,3,9.5
2020,5,13,4,8.6
2020,5,13,5,7.9
2020,5,13,6,7.7
2020,5,13,7,7.3
2020,5,13,8,6.5
2020,5,13,9,5.4
2020,5,13,10,4.1
2020,5,13,11,5.3
2020,5,13,12,7.5
2020,5,13,13,10.3
2020,5,13,14,13.6
2020,5,13,15,15.4
2020,5,13,16,16.5
2020,5,13,17,17.4
2020,5,13,18,17.9
2020,5,13,19,18.2
2020,5,13,20,18.1
2020,5,13,21,17.7
2020,5,13,22,16.9
2020,5,13,23,15.6
2020,5,14,0,13.7
2020,5,14,1,12.2
2020,5,14,2,11.6
2020,5,14,3,11
2020,5,14,4,10.6
2020,5,14,5,10.4
2020,5,14,6,10.3
2020,5,14,7,10.4
2020,5,14,8,10.5
2020,5,14,9,10.7
2020,5,14,10,10.9
2020,5,14,11,11.6
2020,5,14,12,12.8
2020,5,14,13,14.7
2020,5,14,14,17.7
2020,5,14,15,20.4
2020,5,14,16,22.4
2020,5,14,17,22.8
2020,5,14,18,22.4
2020,5,14,19,22
2020,5,14,20,21.5
2020,5,14,21,20.9
2020,5,14,22,20.5
2020,5,14,23,20
2020,5,15,0,19.4
2020,5,15,1,18.7
2020,5,15,2,18.5
2020,5,15,3,18.1
2020,5,15,4,18.1
2020,5,15,5,18.2
2020,5,15,6,18
2020,5,15,7,18.2
2020,5,15,8,18.4
2020,5,15,9,18.5
2020,5,15,10,18.2
2020,5,15,11,18.2
2020,5,15,12,18.7
2020,5,15,13,19.5
2020,5,15,14,20.2
2020,5,15,15,21.2
2020,5,15,16,22.3
2020,5,15,17,22.8
2020,5,15,18,22.4
2020,5,15,19,21.9
2020,5,15,20,21.7
2020,5,15,21,21.5
2020,5,15,22,21
2020,5,15,23,20.2
2020,5,16,0,18.4
2020,5,16,1,16.9
2020,5,16,2,16.8
2020,5,16,3,16.3
2020,5,16,4,15.7
2020,5,16,5,15
2020,5,16,6,13.9
2020,5,16,7,12.9
2020,5,16,8,12.2
2020,5,16,9,12
2020,5,16,10,12
2020,5,16,11,13.3
2020,5,16,12,14.4
2020,5,16,13,15.4
2020,5,16,14,16.8
2020,5,16,15,19.1
2020,5,16,16,20.8
2020,5,16,17,21.9
2020,5,16,18,23
2020,5,16,19,23.5
2020,5,16,20,23.6
2020,5,16,21,23.4
2020,5,16,22,22.5
2020,5,16,23,20.7
2020,5,17,0,18.8
2020,5,17,1,17.9
2020,5,17,2,17.7
2020,5,17,3,17.2
2020,5,17,4,16.6
2020,5,17,5,16.1
2020,5,17,6,15.9
2020,5,17,7,15.8
2020,5,17,8,15.6
2020,5,17,9,15.5
2020,5,17,10,15.4
2020,5,17,11,15.6
2020,5,17,12,16.2
2020,5,17,13,17.1
2020,5,17,14,18.3
2020,5,17,15,20
2020,5,17,16,21
2020,5,17,17,21
2020,5,17,18,21.5
2020,5,17,19,22.7
2020,5,17,20,23.2
2020,5,17,21,22.9
2020,5,17,22,22.2
2020,5,17,23,21.3
2020,5,18,0,20.7
2020,5,18,1,20.2
2020,5,18,2,20
2020,5,18,3,19.7
2020,5,18,4,19.2
2020,5,18,5,18.6
2020,5,18,6,18
2020,5,18,7,17.1
2020,5,18,8,15.9
2020,5,18,9,15
2020,5,18,10,14.3
2020,5,18,11,14
2020,5,18,12,14.3
2020,5,18,13,15.2
2020,5,18,14,16.5
2020,5,18,15,17.8
2020,5,18,16,19.2
2020,5,18,17,19.4
2020,5,18,18,19.9
2020,5,18,19,20.7
2020,5,18,20,20.6
2020,5,18,21,19.9
2020,5,18,22,19.2
2020,5,18,23,18.4
2020,5,19,0,17.1
2020,5,19,1,16.1
2020,5,19,2,15.4
2020,5,19,3,14.3
2020,5,19,4,14.5
2020,5,19,5,14.1
2020,5,19,6,13.9
2020,5,19,7,14.1
2020,5,19,8,14.4
2020,5,19,9,14.7
2020,5,19,10,15
2020,5,19,11,15.5
2020,5,19,12,16.6
2020,5,19,13,18
2020,5,19,14,19.3
2020,5,19,15,20
2020,5,19,16,20.4
2020,5,19,17,21.1
2020,5,19,18,21.3
2020,5,19,19,20.8
2020,5,19,20,19.7
2020,5,19,21,18.7
2020,5,19,22,17.7
2020,5,19,23,16.6
2020,5,20,0,15.4
2020,5,20,1,14.3
2020,5,20,2,13.5
2020,5,20,3,13
2020,5,20,4,12.7
2020,5,20,5,12.4
2020,5,20,6,12.1
2020,5,20,7,11.8
2020,5,20,8,11.7
2020,5,20,9,11.4
2020,5,20,10,11.2
2020,5,20,11,11.5
2020,5,20,12,12.3
2020,5,20,13,13
2020,5,20,14,13.7
2020,5,20,15,14.5
2020,5,20,16,15.7
2020,5,20,17,16.8
2020,5,20,18,17.3
2020,5,20,19,16.9
2020,5,20,20,16
2020,5,20,21,15
2020,5,20,22,14.2
2020,5,20,23,13.7
2020,5,21,0,13.2
2020,5,21,1,12.6
2020,5,21,2,12.1
2020,5,21,3,11.3
2020,5,21,4,10.5
2020,5,21,5,10.2
2020,5,21,6,10.2
2020,5,21,7,10.4
2020,5,21,8,9.9
2020,5,21,9,9.8
2020,5,21,10,9.8
2020,5,21,11,11.4
2020,5,21,12,12.9
2020,5,21,13,14.5
2020,5,21,14,15.9
2020,5,21,15,16.7
2020,5,21,16,16.8
2020,5,21,17,17.4
2020,5,21,18,18.1
2020,5,21,19,18.7
2020,5,21,20,18.6
2020,5,21,21,18.1
2020,5,21,22,17.6
2020,5,21,23,17
2020,5,22,0,15.9
2020,5,22,1,14.9
2020,5,22,2,14.4
2020,5,22,3,13.8
2020,5,22,4,13.3
2020,5,22,5,12.9
2020,5,22,6,12.7
2020,5,22,7,12.6
2020,5,22,8,12.6
2020,5,22,9,12.5
2020,5,22,10,12.3
2020,5,22,11,13.5
2020,5,22,12,15.3
2020,5,22,13,17.2
2020,5,22,14,18.6
2020,5,22,15,19.6
2020,5,22,16,20.6
2020,5,22,17,21.5
2020,5,22,18,22.4
2020,5,22,19,22.8
2020,5,22,20,22.9
2020,5,22,21,22.8
2020,5,22,22,22.5
2020,5,22,23,21.9
2020,5,23,0,20.1
2020,5,23,1,18.1
2020,5,23,2,16.7
2020,5,23,3,15.7
2020,5,23,4,15.1
2020,5,23,5,14.6
2020,5,23,6,14.3
2020,5,23,7,14.2
2020,5,23,8,14.2
2020,5,23,9,14.3
2020,5,23,10,14.3
2020,5,23,11,15.6
2020,5,23,12,17
2020,5,23,13,18.9
2020,5,23,14,21.6
2020,5,23,15,23.2
2020,5,23,16,24.1
2020,5,23,17,24.8
2020,5,23,18,25.2
2020,5,23,19,25.2
2020,5,23,20,24.8
2020,5,23,21,24.1
2020,5,23,22,23.3
2020,5,23,23,22.4
2020,5,24,0,21.5
2020,5,24,1,20.8
2020,5,24,2,20.6
2020,5,24,3,20.5
2020,5,24,4,20.4
2020,5,24,5,20.2
2020,5,24,6,19.9
2020,5,24,7,19.2
2020,5,24,8,18.8
2020,5,24,9,18.6
2020,5,24,10,18.5
2020,5,24,11,18.8
2020,5,24,12,19.5
2020,5,24,13,20.6
2020,5,24,14,22.3
2020,5,24,15,23.8
2020,5,24,16,24.9
2020,5,24,17,25.8
2020,5,24,18,26.3
2020,5,24,19,26.7
2020,5,24,20,26.8
2020,5,24,21,26.4
2020,5,24,22,25.4
2020,5,24,23,24.1
2020,5,25,0,22.6
2020,5,25,1,21.5
2020,5,25,2,20.9
2020,5,25,3,20.4
2020,5,25,4,19.9
2020,5,25,5,19.4
2020,5,25,6,18.9
2020,5,25,7,18.5
2020,5,25,8,18.1
2020,5,25,9,17.7
2020,5,25,10,17.3
2020,5,25,11,18.6
2020,5,25,12,20.2
2020,5,25,13,22.8
2020,5,25,14,24.9
2020,5,25,15,26.4
2020,5,25,16,27.5
2020,5,25,17,28.2
2020,5,25,18,28.7
2020,5,25,19,29
2020,5,25,20,28.9
2020,5,25,21,28.7
2020,5,25,22,28
2020,5,25,23,26.7
2020,5,26,0,24.2
2020,5,26,1,22.4
2020,5,26,2,21.8
2020,5,26,3,21.2
2020,5,26,4,20.7
2020,5,26,5,20.2
2020,5,26,6,19.7
2020,5,26,7,19.2
2020,5,26,8,18.7
2020,5,26,9,18.2
2020,5,26,10,17.9
2020,5,26,11,19.9
2020,5,26,12,21.5
2020,5,26,13,23.8
2020,5,26,14,25.6
2020,5,26,15,26.8
2020,5,26,16,27.6
2020,5,26,17,28.2
2020,5,26,18,28.5
2020,5,26,19,28.6
2020,5,26,20,28.4
2020,5,26,21,28
2020,5,26,22,27.3
2020,5,26,23,26
2020,5,27,0,24.1
2020,5,27,1,22.7
2020,5,27,2,22.1
2020,5,27,3,21.5
2020,5,27,4,21.1
2020,5,27,5,20.6
2020,5,27,6,20.1
2020,5,27,7,19.4
2020,5,27,8,18.9
2020,5,27,9,18.7
2020,5,27,10,18.7
2020,5,27,11,20.1
2020,5,27,12,20.8
2020,5,27,13,21.6
2020,5,27,14,22.5
2020,5,27,15,23.5
2020,5,27,16,24.9
2020,5,27,17,26
2020,5,27,18,26.5
2020,5,27,19,26.7
2020,5,27,20,26.4
2020,5,27,21,26.1
2020,5,27,22,25.4
2020,5,27,23,24.3
2020,5,28,0,22.7
2020,5,28,1,21.4
2020,5,28,2,20.9
2020,5,28,3,20.4
2020,5,28,4,20
2020,5,28,5,19.7
2020,5,28,6,19.4
2020,5,28,7,19
2020,5,28,8,18.7
2020,5,28,9,18.5
2020,5,28,10,18.4
2020,5,28,11,19.5
2020,5,28,12,20.2
2020,5,28,13,21.2
2020,5,28,14,22
2020,5,28,15,22.9
2020,5,28,16,24.2
2020,5,28,17,25.2
2020,5,28,18,25.6
2020,5,28,19,25.7
2020,5,28,20,25.5
2020,5,28,21,25.1
2020,5,28,22,24.5
2020,5,28,23,23.6
2020,5,29,0,21.7
2020,5,29,1,20
2020,5,29,2,19.5
2020,5,29,3,19.1
2020,5,29,4,18.7
2020,5,29,5,18.3
2020,5,29,6,17.9
2020,5,29,7,17.6
2020,5,29,8,17.4
2020,5,29,9,17.2
2020,5,29,10,16.9
2020,5,29,11,17.5
2020,5,29,12,18.1
2020,5,29,13,18.8
2020,5,29,14,19.6
2020,5,29,15,20.4
2020,5,29,16,21.3
2020,5,29,17,22.4
2020,5,29,18,23
2020,5,29,19,23.6
2020,5,29,20,23.7
2020,5,29,21,23.6
2020,5,29,22,22.8
2020,5,29,23,21.2
2020,5,30,0,19.3
2020,5,30,1,17.5
2020,5,30,2,16.3
2020,5,30,3,15
2020,5,30,4,13.9
2020,5,30,5,13
2020,5,30,6,12.2
2020,5,30,7,11.6
2020,5,30,8,11
2020,5,30,9,10.5
2020,5,30,10,10.4
2020,5,30,11,12.1
2020,5,30,12,14.2
2020,5,30,13,16.8
2020,5,30,14,18.1
2020,5,30,15,19.1
2020,5,30,16,20.1
2020,5,30,17,20.9
2020,5,30,18,21.4
2020,5,30,19,21.7
2020,5,30,20,21.4
2020,5,30,21,21
2020,5,30,22,20.3
2020,5,30,23,19.1
2020,5,31,0,17.1
2020,5,31,1,15
2020,5,31,2,13.9
2020,5,31,3,13
2020,5,31,4,12
2020,5,31,5,11.2
2020,5,31,6,10.5
2020,5,31,7,9.9
2020,5,31,8,9.3
2020,5,31,9,8.8
2020,5,31,10,8.3
2020,5,31,11,9.2
2020,5,31,12,11.1
2020,5,31,13,13.2
2020,5,31,14,15.2
2020,5,31,15,16.9
2020,5,31,16,18.2
2020,5,31,17,19.1
2020,5,31,18,19.8
2020,5,31,19,20.2
2020,5,31,20,20.3
2020,5,31,21,19.9
2020,5,31,22,19.1
2020,5,31,23,17.8
2020,6,1,0,15.4
2020,6,1,1,12.9
2020,6,1,2,11.8
2020,6,1,3,10.9
2020,6,1,4,10.2
2020,6,1,5,9.6
2020,6,1,6,9
2020,6,1,7,8.4
2020,6,1,8,7.9
2020,6,1,9,7.5
2020,6,1,10,7.4
2020,6,1,11,10.1
2020,6,1,12,12.4
2020,6,1,13,15
2020,6,1,14,18.5
2020,6,1,15,20.1
2020,6,1,16,20.7
2020,6,1,17,21.1
2020,6,1,18,20.8
2020,6,1,19,20.3
2020,6,1,20,20
2020,6,1,21,20.2
2020,6,1,22,20.1
2020,6,1,23,19
2020,6,2,0,17.3
2020,6,2,1,16.3
2020,6,2,2,16
2020,6,2,3,15.6
2020,6,2,4,15.1
2020,6,2,5,14.6
2020,6,2,6,14.3
2020,6,2,7,14.2
2020,6,2,8,13.9
2020,6,2,9,13.8
2020,6,2,10,13.8
2020,6,2,11,15
2020,6,2,12,17.1
2020,6,2,13,19.9
2020,6,2,14,23
2020,6,2,15,25.1
2020,6,2,16,26.6
2020,6,2,17,27.8
2020,6,2,18,28.6
2020,6,2,19,29.1
2020,6,2,20,29
2020,6,2,21,28.7
2020,6,2,22,28
2020,6,2,23,26.6
2020,6,3,0,24.7
2020,6,3,1,23.2
2020,6,3,2,22.5
2020,6,3,3,22
2020,6,3,4,21.2
2020,6,3,5,20.5
2020,6,3,6,19.9
2020,6,3,7,19.5
2020,6,3,8,19.3
2020,6,3,9,19.1
2020,6,3,10,18.9
2020,6,3,11,19.7
2020,6,3,12,21.1
2020,6,3,13,23.4
2020,6,3,14,25.7
2020,6,3,15,26.9
2020,6,3,16,27
2020,6,3,17,26.6
2020,6,3,18,26.3
2020,6,3,19,26.3
2020,6,3,20,26.4
2020,6,3,21,26.5
2020,6,3,22,26.2
2020,6,3,23,25.2
2020,6,4,0,24.5
2020,6,4,1,24
2020,6,4,2,23.4
2020,6,4,3,22.8
2020,6,4,4,22
2020,6,4,5,21.4
2020,6,4,6,20.9
2020,6,4,7,20.7
2020,6,4,8,20.2
2020,6,4,9,19.7
2020,6,4,10,19.3
2020,6,4,11,20
2020,6,4,12,20.8
2020,6,4,13,22.4
2020,6,4,14,23.3
2020,6,4,15,23.9
2020,6,4,16,24.5
2020,6,4,17,25.1
2020,6,4,18,25.4
2020,6,4,19,25.5
2020,6,4,20,25.3
2020,6,4,21,25.2
2020,6,4,22,25.1
2020,6,4,23,24.6
2020,6,5,0,23.4
2020,6,5,1,22.3
2020,6,5,2,21.8
2020,6,5,3,21.2
2020,6,5,4,20.5
2020,6,5,5,19.8
2020,6,5,6,19.1
2020,6,5,7,18.3
2020,6,5,8,17.7
2020,6,5,9,17.2
2020,6,5,10,17.1
2020,6,5,11,19.6
2020,6,5,12,21.3
2020,6,5,13,23.8
2020,6,5,14,26.1
2020,6,5,15,27.3
2020,6,5,16,28.2
2020,6,5,17,28.9
2020,6,5,18,29.2
2020,6,5,19,29.3
2020,6,5,20,29.1
2020,6,5,21,28.7
2020,6,5,22,27.8
2020,6,5,23,26.5
2020,6,6,0,24.9
2020,6,6,1,23.7
2020,6,6,2,23.3
2020,6,6,3,22.9
2020,6,6,4,22.5
2020,6,6,5,21.9
2020,6,6,6,21.1
2020,6,6,7,20.3
2020,6,6,8,19.5
2020,6,6,9,18.7
2020,6,6,10,18.1
2020,6,6,11,19.1
2020,6,6,12,20.5
2020,6,6,13,22.4
2020,6,6,14,24.2
2020,6,6,15,25.7
2020,6,6,16,26.8
2020,6,6,17,27.5
2020,6,6,18,27.9
2020,6,6,19,27.9
2020,6,6,20,27.4
2020,6,6,21,26.6
2020,6,6,22,25.1
2020,6,6,23,22.8
2020,6,7,0,20.1
2020,6,7,1,17.8
2020,6,7,2,16.6
2020,6,7,3,15.7
2020,6,7,4,15.2
2020,6,7,5,14.9
2020,6,7,6,14.5
2020,6,7,7,14.1
2020,6,7,8,13.8
2020,6,7,9,13.6
2020,6,7,10,13.8
2020,6,7,11,15
2020,6,7,12,16
2020,6,7,13,17.5
2020,6,7,14,19.9
2020,6,7,15,22.4
2020,6,7,16,24.1
2020,6,7,17,25.1
2020,6,7,18,25.9
2020,6,7,19,26.3
2020,6,7,20,26.5
2020,6,7,21,26.4
2020,6,7,22,25.8
2020,6,7,23,24.7
2020,6,8,0,21.8
2020,6,8,1,19.3
2020,6,8,2,18.5
2020,6,8,3,17.9
2020,6,8,4,17.4
2020,6,8,5,16.8
2020,6,8,6,16.2
2020,6,8,7,15.5
2020,6,8,8,14.9
2020,6,8,9,14.4
2020,6,8,10,14
2020,6,8,11,15.2
2020,6,8,12,17.1
2020,6,8,13,20
2020,6,8,14,23.1
2020,6,8,15,24.7
2020,6,8,16,26.1
2020,6,8,17,27.3
2020,6,8,18,28.2
2020,6,8,19,28.7
2020,6,8,20,28.7
2020,6,8,21,28.2
2020,6,8,22,27
2020,6,8,23,25.2
2020,6,9,0,22.9
2020,6,9,1,21.2
2020,6,9,2,20.6
2020,6,9,3,20
2020,6,9,4,19.5
2020,6,9,5,19
2020,6,9,6,18.6
2020,6,9,7,18.4
2020,6,9,8,18.2
2020,6,9,9,18.2
2020,6,9,10,18.4
2020,6,9,11,19.4
2020,6,9,12,20.9
2020,6,9,13,23.1
2020,6,9,14,25.5
2020,6,9,15,26.9
2020,6,9,16,27.7
2020,6,9,17,28.2
2020,6,9,18,28.4
2020,6,9,19,28.2
2020,6,9,20,27.5
2020,6,9,21,27.2
2020,6,9,22,26.9
2020,6,9,23,26.4
2020,6,10,0,25.8
2020,6,10,1,25
2020,6,10,2,24.5
2020,6,10,3,24.3
2020,6,10,4,24.3
2020,6,10,5,24.3
2020,6,10,6,24.2
2020,6,10,7,24.1
2020,6,10,8,24
2020,6,10,9,23.8
2020,6,10,10,23.6
2020,6,10,11,24.1
2020,6,10,12,25.1
2020,6,10,13,26.5
2020,6,10,14,27.7
2020,6,10,15,28.6
2020,6,10,16,29.1
2020,6,10,17,29.4
2020,6,10,18,29
2020,6,10,19,27.5
2020,6,10,20,25.3
2020,6,10,21,23.2
2020,6,10,22,21.8
2020,6,10,23,20.6
2020,6,11,0,19.4
2020,6,11,1,18.4
2020,6,11,2,17.9
2020,6,11,3,17.2
2020,6,11,4,16.2
2020,6,11,5,15.2
2020,6,11,6,14.3
2020,6,11,7,13.8
2020,6,11,8,13.6
2020,6,11,9,13.1
2020,6,11,10,12.9
2020,6,11,11,14.3
2020,6,11,12,16.3
2020,6,11,13,19.4
2020,6,11,14,21.1
2020,6,11,15,22.3
2020,6,11,16,23.3
2020,6,11,17,24.1
2020,6,11,18,24.8
2020,6,11,19,25.1
2020,6,11,20,25.2
2020,6,11,21,25.1
2020,6,11,22,24.3
2020,6,11,23,23
2020,6,12,0,21
2020,6,12,1,19.2
2020,6,12,2,18.8
2020,6,12,3,18.5
2020,6,12,4,18.1
2020,6,12,5,17.6
2020,6,12,6,17.2
2020,6,12,7,16.8
2020,6,12,8,16
2020,6,12,9,14.8
2020,6,12,10,14.3
2020,6,12,11,16.5
2020,6,12,12,18.4
2020,6,12,13,21
2020,6,12,14,24.1
2020,6,12,15,25.3
2020,6,12,16,26.2
2020,6,12,17,26.9
2020,6,12,18,27.3
2020,6,12,19,27.6
2020,6,12,20,27.5
2020,6,12,21,27.4
2020,6,12,22,27.1
2020,6,12,23,26.1
2020,6,13,0,22.7
2020,6,13,1,19.8
2020,6,13,2,18.5
2020,6,13,3,17.3
2020,6,13,4,16.2
2020,6,13,5,15.4
2020,6,13,6,14.8
2020,6,13,7,14.5
2020,6,13,8,14.2
2020,6,13,9,14
2020,6,13,10,13.9
2020,6,13,11,14.5
2020,6,13,12,15.4
2020,6,13,13,16.3
2020,6,13,14,17.7
2020,6,13,15,19.3
2020,6,13,16,20.7
2020,6,13,17,21.7
2020,6,13,18,22.1
2020,6,13,19,22.1
2020,6,13,20,22
2020,6,13,21,21.5
2020,6,13,22,20.8
2020,6,13,23,19.6
2020,6,14,0,17.6
2020,6,14,1,15.3
2020,6,14,2,14.4
2020,6,14,3,13.3
2020,6,14,4,12.3
2020,6,14,5,11.4
2020,6,14,6,11.1
2020,6,14,7,10.8
2020,6,14,8,9.8
2020,6,14,9,9
2020,6,14,10,8.7
2020,6,14,11,9.7
2020,6,14,12,12.1
2020,6,14,13,14.8
2020,6,14,14,17.1
2020,6,14,15,18.8
2020,6,14,16,20.1
2020,6,14,17,21.1
2020,6,14,18,21.7
2020,6,14,19,22
2020,6,14,20,22.1
2020,6,14,21,21.8
2020,6,14,22,21.3
2020,6,14,23,19.8
2020,6,15,0,17.1
2020,6,15,1,14.6
2020,6,15,2,14
2020,6,15,3,12.9
2020,6,15,4,11.7
2020,6,15,5,10.4
2020,6,15,6,9.5
2020,6,15,7,9
2020,6,15,8,8.5
2020,6,15,9,8.1
2020,6,15,10,8.1
2020,6,15,11,10.1
2020,6,15,12,12.4
2020,6,15,13,15.9
2020,6,15,14,18.8
2020,6,15,15,20.9
2020,6,15,16,22.2
2020,6,15,17,23.2
2020,6,15,18,24
2020,6,15,19,24.3
2020,6,15,20,24.4
2020,6,15,21,24.1
2020,6,15,22,23.7
2020,6,15,23,22.6
2020,6,16,0,20.5
2020,6,16,1,18.4
2020,6,16,2,17.8
2020,6,16,3,17
2020,6,16,4,16.2
2020,6,16,5,15.6
2020,6,16,6,15
2020,6,16,7,14.6
2020,6,16,8,14.1
2020,6,16,9,13.6
2020,6,16,10,13.6
2020,6,16,11,16.1
2020,6,16,12,18
2020,6,16,13,21
2020,6,16,14,23.1
2020,6,16,15,24.3
2020,6,16,16,25.3
2020,6,16,17,26.1
2020,6,16,18,26.6
2020,6,16,19,26.9
2020,6,16,20,26.9
2020,6,16,21,26.6
2020,6,16,22,26
2020,6,16,23,24.8
2020,6,17,0,22.3
2020,6,17,1,20.1
2020,6,17,2,19.5
2020,6,17,3,18.9
2020,6,17,4,18
2020,6,17,5,17.3
2020,6,17,6,16.8
2020,6,17,7,16.2
2020,6,17,8,15.4
2020,6,17,9,14.7
2020,6,17,10,14.7
2020,6,17,11,17.4
2020,6,17,12,19.4
2020,6,17,13,22.4
2020,6,17,14,25
2020,6,17,15,25.9
2020,6,17,16,26.5
2020,6,17,17,27
2020,6,17,18,27.3
2020,6,17,19,27.4
2020,6,17,20,27.3
2020,6,17,21,27
2020,6,17,22,26.4
2020,6,17,23,25.6
2020,6,18,0,22.9
2020,6,18,1,20.4
2020,6,18,2,19.5
2020,6,18,3,19
2020,6,18,4,18.5
2020,6,18,5,18
2020,6,18,6,17.5
2020,6,18,7,16.9
2020,6,18,8,16.4
2020,6,18,9,16
2020,6,18,10,16
2020,6,18,11,18.5
2020,6,18,12,20.2
2020,6,18,13,22.7
2020,6,18,14,25.6
2020,6,18,15,26.6
2020,6,18,16,27.2
2020,6,18,17,27.6
2020,6,18,18,27.5
2020,6,18,19,27.3
2020,6,18,20,26.9
2020,6,18,21,26.6
2020,6,18,22,26.6
2020,6,18,23,26.2
2020,6,19,0,23.8
2020,6,19,1,21.5
2020,6,19,2,20.4
2020,6,19,3,19.7
2020,6,19,4,19.1
2020,6,19,5,18.7
2020,6,19,6,18.4
2020,6,19,7,18.2
2020,6,19,8,18.2
2020,6,19,9,18.5
2020,6,19,10,18.8
2020,6,19,11,20.4
2020,6,19,12,21.8
2020,6,19,13,23.5
2020,6,19,14,26.9
2020,6,19,15,28.3
2020,6,19,16,29.2
2020,6,19,17,29.8
2020,6,19,18,30.2
2020,6,19,19,30.5
2020,6,19,20,30.5
2020,6,19,21,30.3
2020,6,19,22,30.2
2020,6,19,23,29.1
2020,6,20,0,27.2
2020,6,20,1,25.6
2020,6,20,2,24.5
2020,6,20,3,23.1
2020,6,20,4,21.8
2020,6,20,5,21.2
2020,6,20,6,20.8
2020,6,20,7,20.3
2020,6,20,8,19.8
2020,6,20,9,19.7
2020,6,20,10,19.7
2020,6,20,11,20.9
2020,6,20,12,22.1
2020,6,20,13,23.8
2020,6,20,14,26.5
2020,6,20,15,28.7
2020,6,20,16,29.7
2020,6,20,17,30.3
2020,6,20,18,30.5
2020,6,20,19,30.5
2020,6,20,20,30.4
2020,6,20,21,30.1
2020,6,20,22,29.3
2020,6,20,23,28.1
2020,6,21,0,25.7
2020,6,21,1,23.8
2020,6,21,2,23.2
2020,6,21,3,22.6
2020,6,21,4,22.1
2020,6,21,5,21.9
2020,6,21,6,21.7
2020,6,21,7,21.4
2020,6,21,8,20.9
2020,6,21,9,20.6
2020,6,21,10,20.5
2020,6,21,11,21.1
2020,6,21,12,21.8
2020,6,21,13,22.3
2020,6,21,14,23
2020,6,21,15,23.8
2020,6,21,16,24.6
2020,6,21,17,25
2020,6,21,18,24.9
2020,6,21,19,24.8
2020,6,21,20,24.7
2020,6,21,21,24.7
2020,6,21,22,24.5
2020,6,21,23,23.8
2020,6,22,0,22.4
2020,6,22,1,20.3
2020,6,22,2,19.3
2020,6,22,3,18.6
2020,6,22,4,18.1
2020,6,22,5,17.6
2020,6,22,6,17.3
2020,6,22,7,17.1
2020,6,22,8,16.8
2020,6,22,9,16.5
2020,6,22,10,16.7
2020,6,22,11,18.6
2020,6,22,12,20.3
2020,6,22,13,22.4
2020,6,22,14,23.5
2020,6,22,15,24.3
2020,6,22,16,25.1
2020,6,22,17,25.8
2020,6,22,18,26
2020,6,22,19,25.8
2020,6,22,20,25.3
2020,6,22,21,24.7
2020,6,22,22,24.2
2020,6,22,23,23.6
2020,6,23,0,23
2020,6,23,1,22.2
2020,6,23,2,21.5
2020,6,23,3,20.8
2020,6,23,4,20.1
2020,6,23,5,19.5
2020,6,23,6,19
2020,6,23,7,18.6
2020,6,23,8,18.2
2020,6,23,9,18.2
2020,6,23,10,18.5
2020,6,23,11,19.2
2020,6,23,12,19.3
2020,6,23,13,19.2
2020,6,23,14,20
2020,6,23,15,21.3
2020,6,23,16,22.5
2020,6,23,17,23.4
2020,6,23,18,23.9
2020,6,23,19,24
2020,6,23,20,23.8
2020,6,23,21,23.5
2020,6,23,22,22.9
2020,6,23,23,21.8
2020,6,24,0,20.3
2020,6,24,1,18.9
2020,6,24,2,18.5
2020,6,24,3,18.1
2020,6,24,4,17.3
2020,6,24,5,16.3
2020,6,24,6,15.6
2020,6,24,7,14.9
2020,6,24,8,14.3
2020,6,24,9,13.8
2020,6,24,10,13.9
2020,6,24,11,16.1
2020,6,24,12,18
2020,6,24,13,20
2020,6,24,14,21.5
2020,6,24,15,22.7
2020,6,24,16,23.6
2020,6,24,17,24.2
2020,6,24,18,24.5
2020,6,24,19,24.6
2020,6,24,20,24.5
2020,6,24,21,24.2
2020,6,24,22,23.8
2020,6,24,23,22.8
2020,6,25,0,21.1
2020,6,25,1,19.1
2020,6,25,2,18.2
2020,6,25,3,17.4
2020,6,25,4,16.8
2020,6,25,5,16.2
2020,6,25,6,15.6
2020,6,25,7,15.1
2020,6,25,8,14.7
2020,6,25,9,14.3
2020,6,25,10,14.2
2020,6,25,11,16.8
2020,6,25,12,18.5
2020,6,25,13,21.3
2020,6,25,14,23.5
2020,6,25,15,24.7
2020,6,25,16,25.6
2020,6,25,17,26.1
2020,6,25,18,26.4
2020,6,25,19,26.6
2020,6,25,20,26.6
2020,6,25,21,26.6
2020,6,25,22,26.1
2020,6,25,23,25.3
2020,6,26,0,22.7
2020,6,26,1,20.5
2020,6,26,2,19.7
2020,6,26,3,19.2
2020,6,26,4,18.8
2020,6,26,5,18.5
2020,6,26,6,18
2020,6,26,7,17.5
2020,6,26,8,17.2
2020,6,26,9,17
2020,6,26,10,17
2020,6,26,11,18.9
2020,6,26,12,20.4
2020,6,26,13,22.4
2020,6,26,14,24.3
2020,6,26,15,25.8
2020,6,26,16,27
2020,6,26,17,27.4
2020,6,26,18,27
2020,6,26,19,26.5
2020,6,26,20,26.3
2020,6,26,21,27
2020,6,26,22,27.5
2020,6,26,23,26.9
2020,6,27,0,25.5
2020,6,27,1,24.4
2020,6,27,2,23.6
2020,6,27,3,23
2020,6,27,4,22.5
2020,6,27,5,22
2020,6,27,6,21.9
2020,6,27,7,21.7
2020,6,27,8,21.6
2020,6,27,9,21.6
2020,6,27,10,21.6
2020,6,27,11,21.9
2020,6,27,12,22.4
2020,6,27,13,23.1
2020,6,27,14,23.8
2020,6,27,15,24.2
2020,6,27,16,24.7
2020,6,27,17,25.6
2020,6,27,18,26.3
2020,6,27,19,26.4
2020,6,27,20,26.4
2020,6,27,21,26
2020,6,27,22,25.1
2020,6,27,23,24.2
2020,6,28,0,23.5
2020,6,28,1,23
2020,6,28,2,22.5
2020,6,28,3,22
2020,6,28,4,21.5
2020,6,28,5,21.3
2020,6,28,6,20.9
2020,6,28,7,20.5
2020,6,28,8,20.4
2020,6,28,9,20.4
2020,6,28,10,20.3
2020,6,28,11,21.5
2020,6,28,12,22.5
2020,6,28,13,23.7
2020,6,28,14,24.9
2020,6,28,15,26.3
2020,6,28,16,27.4
2020,6,28,17,28.2
2020,6,28,18,28.8
2020,6,28,19,29.1
2020,6,28,20,29.1
2020,6,28,21,28.7
2020,6,28,22,28.1
2020,6,28,23,27.5
2020,6,29,0,25.9
2020,6,29,1,24
2020,6,29,2,23.3
2020,6,29,3,22.8
2020,6,29,4,22.2
2020,6,29,5,21.7
2020,6,29,6,21.4
2020,6,29,7,21.2
2020,6,29,8,20.9
2020,6,29,9,20.5
2020,6,29,10,20.4
2020,6,29,11,22
2020,6,29,12,23
2020,6,29,13,24.5
2020,6,29,14,26
2020,6,29,15,26.8
2020,6,29,16,27.3
2020,6,29,17,27.7
2020,6,29,18,27.9
2020,6,29,19,28.3
2020,6,29,20,28.2
2020,6,29,21,27.8
2020,6,29,22,27.4
2020,6,29,23,26.5
2020,6,30,0,25.6
2020,6,30,1,25
2020,6,30,2,24.6
2020,6,30,3,23.6
2020,6,30,4,22.9
2020,6,30,5,22.4
2020,6,30,6,21.9
2020,6,30,7,21.5
2020,6,30,8,21
2020,6,30,9,20.6
2020,6,30,10,20.5
2020,6,30,11,21.8
2020,6,30,12,23
2020,6,30,13,25.1
2020,6,30,14,26.5
2020,6,30,15,27.4
2020,6,30,16,28
2020,6,30,17,28.3
2020,6,30,18,28.5
2020,6,30,19,28.8
2020,6,30,20,28.8
2020,6,30,21,28.7
2020,6,30,22,28.2
2020,6,30,23,27.5
2020,7,1,0,25.8
2020,7,1,1,24
2020,7,1,2,23.4
2020,7,1,3,22.7
2020,7,1,4,22.2
2020,7,1,5,21.7
2020,7,1,6,21.2
2020,7,1,7,20.9
2020,7,1,8,20.7
2020,7,1,9,20.1
2020,7,1,10,19.7
2020,7,1,11,21.1
2020,7,1,12,22.3
2020,7,1,13,24.7
2020,7,1,14,26.9
2020,7,1,15,28
2020,7,1,16,28.9
2020,7,1,17,29.5
2020,7,1,18,30
2020,7,1,19,30.2
2020,7,1,20,30.2
2020,7,1,21,30
2020,7,1,22,30
2020,7,1,23,29.3
2020,7,2,0,26.3
2020,7,2,1,23.8
2020,7,2,2,22.8
2020,7,2,3,22.3
2020,7,2,4,21.6
2020,7,2,5,20.8
2020,7,2,6,20.2
2020,7,2,7,19.7
2020,7,2,8,19.1
2020,7,2,9,18.5
2020,7,2,10,18.3
2020,7,2,11,19.9
2020,7,2,12,21.5
2020,7,2,13,23.7
2020,7,2,14,26.7
2020,7,2,15,27.9
2020,7,2,16,28.7
2020,7,2,17,29.2
2020,7,2,18,29.7
2020,7,2,19,29.9
2020,7,2,20,29.9
2020,7,2,21,29.8
2020,7,2,22,29.8
2020,7,2,23,29.4
2020,7,3,0,27.4
2020,7,3,1,26.3
2020,7,3,2,26.1
2020,7,3,3,25.1
2020,7,3,4,23.4
2020,7,3,5,22.1
2020,7,3,6,20.9
2020,7,3,7,20
2020,7,3,8,19.4
2020,7,3,9,18.9
2020,7,3,10,18.9
2020,7,3,11,20.9
2020,7,3,12,22.4
2020,7,3,13,24.3
2020,7,3,14,27.6
2020,7,3,15,29.2
2020,7,3,16,30
2020,7,3,17,30.5
2020,7,3,18,30.7
2020,7,3,19,30.7
2020,7,3,20,30.4
2020,7,3,21,30.3
2020,7,3,22,30.4
2020,7,3,23,29.2
2020,7,4,0,27
2020,7,4,1,25.1
2020,7,4,2,24.2
2020,7,4,3,23.3
2020,7,4,4,22.2
2020,7,4,5,21.3
2020,7,4,6,20.6
2020,7,4,7,20.1
2020,7,4,8,19.7
2020,7,4,9,19.4
2020,7,4,10,19.4
2020,7,4,11,21.2
2020,7,4,12,22.9
2020,7,4,13,25.3
2020,7,4,14,28.2
2020,7,4,15,29.5
2020,7,4,16,30.5
2020,7,4,17,31.1
2020,7,4,18,31.3
2020,7,4,19,31.5
2020,7,4,20,31.2
2020,7,4,21,30.8
2020,7,4,22,30.6
2020,7,4,23,29.3
2020,7,5,0,27.1
2020,7,5,1,24.9
2020,7,5,2,24.1
2020,7,5,3,23.5
2020,7,5,4,23
2020,7,5,5,22.5
2020,7,5,6,22
2020,7,5,7,21.6
2020,7,5,8,21.2
2020,7,5,9,21
2020,7,5,10,20.9
2020,7,5,11,22.1
2020,7,5,12,23.2
2020,7,5,13,25.6
2020,7,5,14,27.9
2020,7,5,15,29.2
2020,7,5,16,30.2
2020,7,5,17,30.8
2020,7,5,18,31.2
2020,7,5,19,31.5
2020,7,5,20,31.5
2020,7,5,21,31.3
2020,7,5,22,31
2020,7,5,23,30.7
2020,7,6,0,28.3
2020,7,6,1,26.4
2020,7,6,2,25.5
2020,7,6,3,24.9
2020,7,6,4,24.2
2020,7,6,5,23.6
2020,7,6,6,23.1
2020,7,6,7,23
2020,7,6,8,23
2020,7,6,9,23.2
2020,7,6,10,23.1
2020,7,6,11,23.8
2020,7,6,12,25
2020,7,6,13,26.9
2020,7,6,14,29.7
2020,7,6,15,30.8
2020,7,6,16,31.5
2020,7,6,17,31.9
2020,7,6,18,32.2
2020,7,6,19,32.3
2020,7,6,20,32.2
2020,7,6,21,31.9
2020,7,6,22,31.7
2020,7,6,23,31
2020,7,7,0,29.2
2020,7,7,1,27.3
2020,7,7,2,25.9
2020,7,7,3,24.8
2020,7,7,4,24
2020,7,7,5,23.4
2020,7,7,6,22.8
2020,7,7,7,22.3
2020,7,7,8,21.9
2020,7,7,9,21.5
2020,7,7,10,21.4
2020,7,7,11,23
2020,7,7,12,24.3
2020,7,7,13,26.9
2020,7,7,14,29
2020,7,7,15,30.4
2020,7,7,16,31.2
2020,7,7,17,31.5
2020,7,7,18,31.6
2020,7,7,19,31.6
2020,7,7,20,31.4
2020,7,7,21,31
2020,7,7,22,30.7
2020,7,7,23,30.1
2020,7,8,0,28.1
2020,7,8,1,25.9
2020,7,8,2,24.9
2020,7,8,3,24.3
2020,7,8,4,23.7
2020,7,8,5,23.3
2020,7,8,6,22.8
2020,7,8,7,22.5
2020,7,8,8,22.3
2020,7,8,9,22.3
2020,7,8,10,22.4
2020,7,8,11,23.7
2020,7,8,12,24.7
2020,7,8,13,26.3
2020,7,8,14,28.3
2020,7,8,15,29.3
2020,7,8,16,30.1
2020,7,8,17,30.5
2020,7,8,18,30.7
2020,7,8,19,30.8
2020,7,8,20,30.7
2020,7,8,21,30.4
2020,7,8,22,29.8
2020,7,8,23,28.6
2020,7,9,0,26.8
2020,7,9,1,25.5
2020,7,9,2,24.9
2020,7,9,3,24.4
2020,7,9,4,24.1
2020,7,9,5,23.8
2020,7,9,6,23.5
2020,7,9,7,23.2
2020,7,9,8,22.8
2020,7,9,9,22.4
2020,7,9,10,22.1
2020,7,9,11,23.2
2020,7,9,12,24.1
2020,7,9,13,26.1
2020,7,9,14,27.9
2020,7,9,15,29.1
2020,7,9,16,29.9
2020,7,9,17,30.5
2020,7,9,18,30.9
2020,7,9,19,31
2020,7,9,20,30.9
2020,7,9,21,30.7
2020,7,9,22,30.2
2020,7,9,23,29.4
2020,7,10,0,27.4
2020,7,10,1,26
2020,7,10,2,25.4
2020,7,10,3,24.9
2020,7,10,4,24.5
2020,7,10,5,24.1
2020,7,10,6,23.7
2020,7,10,7,23.4
2020,7,10,8,23.2
2020,7,10,9,22.9
2020,7,10,10,22.7
2020,7,10,11,23.3
2020,7,10,12,24.3
2020,7,10,13,24.7
2020,7,10,14,25
2020,7,10,15,25.6
2020,7,10,16,26.2
2020,7,10,17,26.5
2020,7,10,18,26.7
2020,7,10,19,26.8
2020,7,10,20,27
2020,7,10,21,27.1
2020,7,10,22,27
2020,7,10,23,26.4
2020,7,11,0,25
2020,7,11,1,23.5
2020,7,11,2,22.9
2020,7,11,3,22.3
2020,7,11,4,21.9
2020,7,11,5,21.3
2020,7,11,6,20.9
2020,7,11,7,20.5
2020,7,11,8,20
2020,7,11,9,19.4
2020,7,11,10,18.8
2020,7,11,11,19.9
2020,7,11,12,21.7
2020,7,11,13,24.3
2020,7,11,14,26.3
2020,7,11,15,27.4
2020,7,11,16,28.2
2020,7,11,17,28.8
2020,7,11,18,29.2
2020,7,11,19,29.2
2020,7,11,20,28.7
2020,7,11,21,28
2020,7,11,22,27
2020,7,11,23,25.9
2020,7,12,0,24.4
2020,7,12,1,23
2020,7,12,2,22.5
2020,7,12,3,22
2020,7,12,4,21.8
2020,7,12,5,21.6
2020,7,12,6,21.4
2020,7,12,7,21.1
2020,7,12,8,20.8
2020,7,12,9,20.5
2020,7,12,10,20.3
2020,7,12,11,21.2
2020,7,12,12,22.1
2020,7,12,13,23
2020,7,12,14,23.7
2020,7,12,15,24.5
2020,7,12,16,25.4
2020,7,12,17,26.1
2020,7,12,18,26.6
2020,7,12,19,27
2020,7,12,20,27
2020,7,12,21,26.7
2020,7,12,22,25.9
2020,7,12,23,24.8
2020,7,13,0,22.7
2020,7,13,1,20.6
2020,7,13,2,19.3
2020,7,13,3,18
2020,7,13,4,16.9
2020,7,13,5,16.1
2020,7,13,6,15.4
2020,7,13,7,14.9
2020,7,13,8,14.5
2020,7,13,9,14.2
2020,7,13,10,14.1
2020,7,13,11,16.1
2020,7,13,12,18.1
2020,7,13,13,21
2020,7,13,14,23
2020,7,13,15,24.4
2020,7,13,16,25.5
2020,7,13,17,26.4
2020,7,13,18,27
2020,7,13,19,27.4
2020,7,13,20,27.5
2020,7,13,21,27.3
2020,7,13,22,26.7
2020,7,13,23,26
2020,7,14,0,23
2020,7,14,1,20.5
2020,7,14,2,19.3
2020,7,14,3,18.2
2020,7,14,4,17.4
2020,7,14,5,16.7
2020,7,14,6,16.4
2020,7,14,7,16.2
2020,7,14,8,16
2020,7,14,9,15.7
2020,7,14,10,15.4
2020,7,14,11,17.7
2020,7,14,12,19.8
2020,7,14,13,22.4
2020,7,14,14,25.4
2020,7,14,15,26.5
2020,7,14,16,27.4
2020,7,14,17,28.2
2020,7,14,18,28.7
2020,7,14,19,29
2020,7,14,20,29
2020,7,14,21,28.8
2020,7,14,22,28.2
2020,7,14,23,27.6
2020,7,15,0,24.7
2020,7,15,1,22.5
2020,7,15,2,22.4
2020,7,15,3,22.7
2020,7,15,4,21.5
2020,7,15,5,20.5
2020,7,15,6,19.7
2020,7,15,7,19.3
2020,7,15,8,18.8
2020,7,15,9,18.1
2020,7,15,10,17.5
2020,7,15,11,19.3
2020,7,15,12,21.1
2020,7,15,13,23.6
2020,7,15,14,26.7
2020,7,15,15,28.1
2020,7,15,16,28.9
2020,7,15,17,29.7
2020,7,15,18,30.3
2020,7,15,19,30.5
2020,7,15,20,30.6
2020,7,15,21,30.4
2020,7,15,22,29.8
2020,7,15,23,28.7
2020,7,16,0,26.5
2020,7,16,1,25.2
2020,7,16,2,24.7
2020,7,16,3,24.1
2020,7,16,4,23.5
2020,7,16,5,23
2020,7,16,6,22.6
2020,7,16,7,22.4
2020,7,16,8,22.3
2020,7,16,9,22.3
2020,7,16,10,22.5
2020,7,16,11,23
2020,7,16,12,23.6
2020,7,16,13,24.4
2020,7,16,14,25.5
2020,7,16,15,26.6
2020,7,16,16,27.4
2020,7,16,17,28
2020,7,16,18,28.4
2020,7,16,19,28.7
2020,7,16,20,28.6
2020,7,16,21,28.3
2020,7,16,22,27.7
2020,7,16,23,26.7
2020,7,17,0,24.7
2020,7,17,1,22.8
2020,7,17,2,22.2
2020,7,17,3,21.6
2020,7,17,4,21.2
2020,7,17,5,20.7
2020,7,17,6,20.5
2020,7,17,7,20.1
2020,7,17,8,19.8
2020,7,17,9,19.4
2020,7,17,10,19.1
2020,7,17,11,20.1
2020,7,17,12,22
2020,7,17,13,24.8
2020,7,17,14,26.2
2020,7,17,15,27.4
2020,7,17,16,28.6
2020,7,17,17,29.5
2020,7,17,18,30.2
2020,7,17,19,30.7
2020,7,17,20,30.7
2020,7,17,21,30.5
2020,7,17,22,30
2020,7,17,23,29
2020,7,18,0,26.1
2020,7,18,1,24.4
2020,7,18,2,23.9
2020,7,18,3,23.5
2020,7,18,4,22.7
2020,7,18,5,21.9
2020,7,18,6,21.2
2020,7,18,7,21
2020,7,18,8,20.8
2020,7,18,9,20.7
2020,7,18,10,20.8
2020,7,18,11,22.6
2020,7,18,12,24.1
2020,7,18,13,25.9
2020,7,18,14,27.5
2020,7,18,15,28.8
2020,7,18,16,29.7
2020,7,18,17,30.3
2020,7,18,18,30.7
2020,7,18,19,30.9
2020,7,18,20,30.8
2020,7,18,21,30.4
2020,7,18,22,29.9
2020,7,18,23,28.9
2020,7,19,0,27.3
2020,7,19,1,26
2020,7,19,2,25.5
2020,7,19,3,25.1
2020,7,19,4,24.9
2020,7,19,5,24.7
2020,7,19,6,24.5
2020,7,19,7,24.3
2020,7,19,8,24
2020,7,19,9,23.6
2020,7,19,10,23.3
2020,7,19,11,23.8
2020,7,19,12,24.6
2020,7,19,13,25.8
2020,7,19,14,27.5
2020,7,19,15,29.2
2020,7,19,16,30
2020,7,19,17,30
2020,7,19,18,30
2020,7,19,19,30
2020,7,19,20,29.6
2020,7,19,21,29.1
2020,7,19,22,28.3
2020,7,19,23,27.2
2020,7,20,0,25.9
2020,7,20,1,24.8
2020,7,20,2,24.1
2020,7,20,3,23.4
2020,7,20,4,22.7
2020,7,20,5,22
2020,7,20,6,21
2020,7,20,7,19.9
2020,7,20,8,19.5
2020,7,20,9,19.3
2020,7,20,10,18.7
2020,7,20,11,19.6
2020,7,20,12,20.5
2020,7,20,13,21.9
2020,7,20,14,23.4
2020,7,20,15,24.9
2020,7,20,16,26.1
2020,7,20,17,27
2020,7,20,18,28.1
2020,7,20,19,29
2020,7,20,20,29.5
2020,7,20,21,29.5
2020,7,20,22,29.1
2020,7,20,23,28.5
2020,7,21,0,26.9
2020,7,21,1,25.6
2020,7,21,2,24.7
2020,7,21,3,23.6
2020,7,21,4,23.1
2020,7,21,5,23.1
2020,7,21,6,22.8
2020,7,21,7,21.8
2020,7,21,8,20.8
2020,7,21,9,20.4
2020,7,21,10,20.2
2020,7,21,11,20.7
2020,7,21,12,21.1
2020,7,21,13,21.7
2020,7,21,14,22.6
2020,7,21,15,23.4
2020,7,21,16,24.4
2020,7,21,17,25.5
2020,7,21,18,26.1
2020,7,21,19,26.4
2020,7,21,20,26.5
2020,7,21,21,26.4
2020,7,21,22,26.2
2020,7,21,23,25.4
2020,7,22,0,24.2
2020,7,22,1,23.5
2020,7,22,2,23.3
2020,7,22,3,23.1
2020,7,22,4,22.7
2020,7,22,5,22.5
2020,7,22,6,22.4
2020,7,22,7,22.2
2020,7,22,8,22.1
2020,7,22,9,22
2020,7,22,10,21.8
2020,7,22,11,21.9
2020,7,22,12,22.6
2020,7,22,13,23.7
2020,7,22,14,24.8
2020,7,22,15,25.7
2020,7,22,16,26.7
2020,7,22,17,27.4
2020,7,22,18,27.7
2020,7,22,19,28
2020,7,22,20,27.8
2020,7,22,21,27.6
2020,7,22,22,27.1
2020,7,22,23,26.4
2020,7,23,0,25.1
2020,7,23,1,24.1
2020,7,23,2,23.8
2020,7,23,3,23.6
2020,7,23,4,23.2
2020,7,23,5,22.9
2020,7,23,6,22.5
2020,7,23,7,22.2
2020,7,23,8,21.9
2020,7,23,9,21.6
2020,7,23,10,21.2
2020,7,23,11,22
2020,7,23,12,22.8
2020,7,23,13,24.4
2020,7,23,14,25.8
2020,7,23,15,27
2020,7,23,16,27.8
2020,7,23,17,28.4
2020,7,23,18,28.8
2020,7,23,19,29
2020,7,23,20,28.9
2020,7,23,21,28.5
2020,7,23,22,27.8
2020,7,23,23,26.9
2020,7,24,0,24.5
2020,7,24,1,22.5
2020,7,24,2,21.3
2020,7,24,3,20.3
2020,7,24,4,19.5
2020,7,24,5,18.8
2020,7,24,6,18.2
2020,7,24,7,17.7
2020,7,24,8,17.3
2020,7,24,9,17.1
2020,7,24,10,17
2020,7,24,11,19.1
2020,7,24,12,21.3
2020,7,24,13,24.1
2020,7,24,14,25.5
2020,7,24,15,26.6
2020,7,24,16,27.5
2020,7,24,17,28.3
2020,7,24,18,29
2020,7,24,19,29.5
2020,7,24,20,29.6
2020,7,24,21,29.5
2020,7,24,22,29
2020,7,24,23,28.4
2020,7,25,0,26.6
2020,7,25,1,24.8
2020,7,25,2,23.5
2020,7,25,3,22.6
2020,7,25,4,21.8
2020,7,25,5,21.3
2020,7,25,6,20.8
2020,7,25,7,20.3
2020,7,25,8,19.9
2020,7,25,9,19.3
2020,7,25,10,18.8
2020,7,25,11,20.2
2020,7,25,12,21.9
2020,7,25,13,25
2020,7,25,14,26.7
2020,7,25,15,28.1
2020,7,25,16,29.2
2020,7,25,17,30.1
2020,7,25,18,30.7
2020,7,25,19,31
2020,7,25,20,31
2020,7,25,21,30.7
2020,7,25,22,30.1
2020,7,25,23,29.4
2020,7,26,0,26.2
2020,7,26,1,23.7
2020,7,26,2,22.7
2020,7,26,3,21.9
2020,7,26,4,21.2
2020,7,26,5,20.7
2020,7,26,6,20.1
2020,7,26,7,19.6
2020,7,26,8,19.1
2020,7,26,9,18.7
2020,7,26,10,18.4
2020,7,26,11,20.5
2020,7,26,12,22.7
2020,7,26,13,25.3
2020,7,26,14,28.4
2020,7,26,15,30
2020,7,26,16,31
2020,7,26,17,31.8
2020,7,26,18,32.3
2020,7,26,19,32.5
2020,7,26,20,32.4
2020,7,26,21,32
2020,7,26,22,31.3
2020,7,26,23,30.1
2020,7,27,0,27.9
2020,7,27,1,26.3
2020,7,27,2,25.9
2020,7,27,3,25.3
2020,7,27,4,24.7
2020,7,27,5,24.1
2020,7,27,6,23.6
2020,7,27,7,23.1
2020,7,27,8,22.8
2020,7,27,9,22.6
2020,7,27,10,22.4
2020,7,27,11,23.2
2020,7,27,12,24.9
2020,7,27,13,26.9
2020,7,27,14,28.8
2020,7,27,15,29.9
2020,7,27,16,30.3
2020,7,27,17,29.8
2020,7,27,18,28.9
2020,7,27,19,28.1
2020,7,27,20,27.3
2020,7,27,21,26.4
2020,7,27,22,25.5
2020,7,27,23,24.8
2020,7,28,0,24.2
2020,7,28,1,23.5
2020,7,28,2,23.1
2020,7,28,3,22.6
2020,7,28,4,21.9
2020,7,28,5,21.1
2020,7,28,6,20
2020,7,28,7,19.1
2020,7,28,8,18.4
2020,7,28,9,17.8
2020,7,28,10,17.3
2020,7,28,11,19
2020,7,28,12,20.2
2020,7,28,13,22.3
2020,7,28,14,25.3
2020,7,28,15,26.8
2020,7,28,16,27.7
2020,7,28,17,28.5
2020,7,28,18,29
2020,7,28,19,29.2
2020,7,28,20,29.2
2020,7,28,21,28.9
2020,7,28,22,28.3
2020,7,28,23,27.5
2020,7,29,0,24.4
2020,7,29,1,22.6
2020,7,29,2,21.9
2020,7,29,3,21.5
2020,7,29,4,21
2020,7,29,5,20.5
2020,7,29,6,19.9
2020,7,29,7,19.4
2020,7,29,8,18.9
2020,7,29,9,18.2
2020,7,29,10,17.7
2020,7,29,11,19.1
2020,7,29,12,21
2020,7,29,13,23.4
2020,7,29,14,26.2
2020,7,29,15,27.6
2020,7,29,16,28.7
2020,7,29,17,29.5
2020,7,29,18,30.1
2020,7,29,19,30.4
2020,7,29,20,30.3
2020,7,29,21,29.8
2020,7,29,22,29.3
2020,7,29,23,27.8
2020,7,30,0,25
2020,7,30,1,23.8
2020,7,30,2,23.4
2020,7,30,3,23
2020,7,30,4,22.6
2020,7,30,5,22.3
2020,7,30,6,22.1
2020,7,30,7,21.8
2020,7,30,8,21.9
2020,7,30,9,21.6
2020,7,30,10,21.1
2020,7,30,11,21.2
2020,7,30,12,21.9
2020,7,30,13,22.4
2020,7,30,14,22.8
2020,7,30,15,23.4
2020,7,30,16,23.7
2020,7,30,17,23.7
2020,7,30,18,23.4
2020,7,30,19,23.1
2020,7,30,20,22.8
2020,7,30,21,22.3
2020,7,30,22,21.8
2020,7,30,23,21.1
2020,7,31,0,20.2
2020,7,31,1,19.1
2020,7,31,2,18.8
2020,7,31,3,18.9
2020,7,31,4,19
2020,7,31,5,19.2
2020,7,31,6,19.4
2020,7,31,7,19.2
2020,7,31,8,18.7
2020,7,31,9,18.2
2020,7,31,10,17.8
2020,7,31,11,18.4
2020,7,31,12,19.6
2020,7,31,13,21.4
2020,7,31,14,23.1
2020,7,31,15,24.4
2020,7,31,16,25.5
2020,7,31,17,26.6
2020,7,31,18,27.3
2020,7,31,19,27.6
2020,7,31,20,27.4
2020,7,31,21,26.8
2020,7,31,22,25.5
2020,7,31,23,23.8
2020,8,1,0,22.2
2020,8,1,1,21.3
2020,8,1,2,20.7
2020,8,1,3,19.9
2020,8,1,4,19.3
2020,8,1,5,19.1
2020,8,1,6,18.9
2020,8,1,7,18.7
2020,8,1,8,18.6
2020,8,1,9,18.4
2020,8,1,10,18.3
2020,8,1,11,18.5
2020,8,1,12,18.9
2020,8,1,13,19.6
2020,8,1,14,20.3
2020,8,1,15,21.1
2020,8,1,16,22
2020,8,1,17,23.1
2020,8,1,18,23.9
2020,8,1,19,24.4
2020,8,1,20,24.5
2020,8,1,21,24.1
2020,8,1,22,23.2
2020,8,1,23,22.1
2020,8,2,0,21.1
2020,8,2,1,20.4
2020,8,2,2,20.1
2020,8,2,3,19.9
2020,8,2,4,19.6
2020,8,2,5,19.2
2020,8,2,6,18.8
2020,8,2,7,18.4
2020,8,2,8,18
2020,8,2,9,17.7
2020,8,2,10,17.4
2020,8,2,11,17.7
2020,8,2,12,18.5
2020,8,2,13,19.8
2020,8,2,14,21.3
2020,8,2,15,22.9
2020,8,2,16,24.4
2020,8,2,17,25.5
2020,8,2,18,26.2
2020,8,2,19,26.4
2020,8,2,20,26.6
2020,8,2,21,26.4
2020,8,2,22,25.8
2020,8,2,23,24.6
2020,8,3,0,21.9
2020,8,3,1,20.3
2020,8,3,2,19.7
2020,8,3,3,19.3
2020,8,3,4,18.9
2020,8,3,5,18.5
2020,8,3,6,18.1
2020,8,3,7,17.7
2020,8,3,8,17.2
2020,8,3,9,16.7
2020,8,3,10,16.2
2020,8,3,11,17.6
2020,8,3,12,19.2
2020,8,3,13,21.3
2020,8,3,14,23.1
2020,8,3,15,24.6
2020,8,3,16,25.5
2020,8,3,17,26
2020,8,3,18,26.1
2020,8,3,19,26
2020,8,3,20,25.7
2020,8,3,21,25.2
2020,8,3,22,24.3
2020,8,3,23,23
2020,8,4,0,21
2020,8,4,1,19.4
2020,8,4,2,18.4
2020,8,4,3,17.6
2020,8,4,4,17
2020,8,4,5,16.4
2020,8,4,6,16
2020,8,4,7,15.7
2020,8,4,8,15.5
2020,8,4,9,15.3
2020,8,4,10,15.3
2020,8,4,11,16.3
2020,8,4,12,17.6
2020,8,4,13,18.9
2020,8,4,14,20.1
2020,8,4,15,21.3
2020,8,4,16,22.3
2020,8,4,17,23
2020,8,4,18,23.3
2020,8,4,19,23.5
2020,8,4,20,23.4
2020,8,4,21,22.8
2020,8,4,22,21.9
2020,8,4,23,20.8
2020,8,5,0,18.6
2020,8,5,1,16.7
2020,8,5,2,15.3
2020,8,5,3,14.2
2020,8,5,4,13.4
2020,8,5,5,12.7
2020,8,5,6,12.3
2020,8,5,7,12.1
2020,8,5,8,11.8
2020,8,5,9,11.5
2020,8,5,10,11.1
2020,8,5,11,12.6
2020,8,5,12,15
2020,8,5,13,18
2020,8,5,14,19.7
2020,8,5,15,20.9
2020,8,5,16,21.8
2020,8,5,17,22.7
2020,8,5,18,23.5
2020,8,5,19,24
2020,8,5,20,24.2
2020,8,5,21,23.9
2020,8,5,22,23
2020,8,5,23,22.1
2020,8,6,0,20.4
2020,8,6,1,19.2
2020,8,6,2,18.4
2020,8,6,3,17.9
2020,8,6,4,17.4
2020,8,6,5,16.8
2020,8,6,6,16.1
2020,8,6,7,15.6
2020,8,6,8,15
2020,8,6,9,14.2
2020,8,6,10,13.8
2020,8,6,11,14.7
2020,8,6,12,17.2
2020,8,6,13,20.1
2020,8,6,14,22.5
2020,8,6,15,23.6
2020,8,6,16,24.5
2020,8,6,17,25.3
2020,8,6,18,25.8
2020,8,6,19,26.1
2020,8,6,20,26.1
2020,8,6,21,25.8
2020,8,6,22,25.2
2020,8,6,23,24
2020,8,7,0,21.4
2020,8,7,1,20.3
2020,8,7,2,19.5
2020,8,7,3,18.6
2020,8,7,4,17.7
2020,8,7,5,16.9
2020,8,7,6,16.4
2020,8,7,7,15.8
2020,8,7,8,15.3
2020,8,7,9,14.8
2020,8,7,10,14.3
2020,8,7,11,15.1
2020,8,7,12,17.3
2020,8,7,13,20.1
2020,8,7,14,23.5
2020,8,7,15,24.8
2020,8,7,16,25.7
2020,8,7,17,26.4
2020,8,7,18,26.8
2020,8,7,19,27.1
2020,8,7,20,27.1
2020,8,7,21,26.8
2020,8,7,22,26.1
2020,8,7,23,25.1
2020,8,8,0,22.4
2020,8,8,1,21
2020,8,8,2,20.1
2020,8,8,3,19.3
2020,8,8,4,18.3
2020,8,8,5,17.3
2020,8,8,6,16.5
2020,8,8,7,15.9
2020,8,8,8,15.4
2020,8,8,9,15.3
2020,8,8,10,15.1
2020,8,8,11,16.4
2020,8,8,12,18.7
2020,8,8,13,20.7
2020,8,8,14,23.6
2020,8,8,15,25.4
2020,8,8,16,26.8
2020,8,8,17,27.8
2020,8,8,18,28.3
2020,8,8,19,28.5
2020,8,8,20,28.5
2020,8,8,21,28.3
2020,8,8,22,27.9
2020,8,8,23,26.5
2020,8,9,0,23.3
2020,8,9,1,22
2020,8,9,2,21.4
2020,8,9,3,20.8
2020,8,9,4,20.2
2020,8,9,5,19.8
2020,8,9,6,19.5
2020,8,9,7,19.3
2020,8,9,8,19.1
2020,8,9,9,18.7
2020,8,9,10,18.3
2020,8,9,11,19.5
2020,8,9,12,21.3
2020,8,9,13,23.9
2020,8,9,14,26.9
2020,8,9,15,28.5
2020,8,9,16,29.6
2020,8,9,17,30.4
2020,8,9,18,30.9
2020,8,9,19,31.2
2020,8,9,20,31.2
2020,8,9,21,30.8
2020,8,9,22,30
2020,8,9,23,28.3
2020,8,10,0,25.3
2020,8,10,1,23.9
2020,8,10,2,23
2020,8,10,3,22.1
2020,8,10,4,21.3
2020,8,10,5,20.9
2020,8,10,6,20.6
2020,8,10,7,20.5
2020,8,10,8,20.5
2020,8,10,9,20.5
2020,8,10,10,20.5
2020,8,10,11,20.9
2020,8,10,12,21.8
2020,8,10,13,23.3
2020,8,10,14,24.7
2020,8,10,15,26.1
2020,8,10,16,27.7
2020,8,10,17,29.1
2020,8,10,18,29.7
2020,8,10,19,29.8
2020,8,10,20,29.4
2020,8,10,21,28.3
2020,8,10,22,27.2
2020,8,10,23,26
2020,8,11,0,25
2020,8,11,1,24.4
2020,8,11,2,23.9
2020,8,11,3,23.4
2020,8,11,4,22.6
2020,8,11,5,22.2
2020,8,11,6,22.5
2020,8,11,7,21.9
2020,8,11,8,21.4
2020,8,11,9,20.9
2020,8,11,10,20.5
2020,8,11,11,20.6
2020,8,11,12,21.3
2020,8,11,13,22.1
2020,8,11,14,23.1
2020,8,11,15,24.5
2020,8,11,16,26.1
2020,8,11,17,27.2
2020,8,11,18,28.2
2020,8,11,19,28.7
2020,8,11,20,28.7
2020,8,11,21,28.3
2020,8,11,22,27.5
2020,8,11,23,25.7
2020,8,12,0,23.3
2020,8,12,1,21.9
2020,8,12,2,20.8
2020,8,12,3,19.8
2020,8,12,4,19
2020,8,12,5,18.3
2020,8,12,6,17.8
2020,8,12,7,17.5
2020,8,12,8,17.2
2020,8,12,9,16.9
2020,8,12,10,16.8
2020,8,12,11,17.4
2020,8,12,12,18.6
2020,8,12,13,20.1
2020,8,12,14,22.2
2020,8,12,15,24.5
2020,8,12,16,25.8
2020,8,12,17,26.9
2020,8,12,18,27.6
2020,8,12,19,28.1
2020,8,12,20,28.2
2020,8,12,21,28.1
2020,8,12,22,27.6
2020,8,12,23,26.3
2020,8,13,0,23
2020,8,13,1,21.5
2020,8,13,2,20.7
2020,8,13,3,20
2020,8,13,4,19.6
2020,8,13,5,19.1
2020,8,13,6,18.5
2020,8,13,7,18
2020,8,13,8,17.6
2020,8,13,9,17.2
2020,8,13,10,16.8
2020,8,13,11,17.8
2020,8,13,12,19.6
2020,8,13,13,21.9
2020,8,13,14,25.2
2020,8,13,15,26.8
2020,8,13,16,27.8
2020,8,13,17,28.6
2020,8,13,18,29
2020,8,13,19,28.9
2020,8,13,20,29
2020,8,13,21,28.7
2020,8,13,22,28.1
2020,8,13,23,26.7
2020,8,14,0,23.8
2020,8,14,1,22.1
2020,8,14,2,21.2
2020,8,14,3,20.5
2020,8,14,4,20.1
2020,8,14,5,19.7
2020,8,14,6,19.4
2020,8,14,7,19.1
2020,8,14,8,18.8
2020,8,14,9,18.4
2020,8,14,10,18
2020,8,14,11,18.9
2020,8,14,12,20.6
2020,8,14,13,22.3
2020,8,14,14,24.7
2020,8,14,15,26.3
2020,8,14,16,27.5
2020,8,14,17,28.6
2020,8,14,18,29.3
2020,8,14,19,29.4
2020,8,14,20,29.3
2020,8,14,21,29.2
2020,8,14,22,28.6
2020,8,14,23,27
2020,8,15,0,24.7
2020,8,15,1,23.4
2020,8,15,2,22.7
2020,8,15,3,22.5
2020,8,15,4,22.5
2020,8,15,5,22.1
2020,8,15,6,21.2
2020,8,15,7,20.2
2020,8,15,8,19.3
2020,8,15,9,18.7
2020,8,15,10,18.3
2020,8,15,11,19.3
2020,8,15,12,21.6
2020,8,15,13,24.3
2020,8,15,14,26.9
2020,8,15,15,28.7
2020,8,15,16,29.9
2020,8,15,17,30.8
2020,8,15,18,31.4
2020,8,15,19,31.6
2020,8,15,20,31.5
2020,8,15,21,31.1
2020,8,15,22,30.5
2020,8,15,23,28.8
2020,8,16,0,25.3
2020,8,16,1,23.9
2020,8,16,2,23
2020,8,16,3,22.2
2020,8,16,4,21.5
2020,8,16,5,21
2020,8,16,6,20.6
2020,8,16,7,20.2
2020,8,16,8,19.9
2020,8,16,9,19.6
2020,8,16,10,19.5
2020,8,16,11,20.3
2020,8,16,12,21.5
2020,8,16,13,23
2020,8,16,14,24.6
2020,8,16,15,26
2020,8,16,16,27.3
2020,8,16,17,28.4
2020,8,16,18,29
2020,8,16,19,29.3
2020,8,16,20,29.3
2020,8,16,21,28.8
2020,8,16,22,27.7
2020,8,16,23,25.6
2020,8,17,0,21.9
2020,8,17,1,20.6
2020,8,17,2,19.9
2020,8,17,3,19.3
2020,8,17,4,18.8
2020,8,17,5,18.3
2020,8,17,6,18
2020,8,17,7,17.6
2020,8,17,8,17.4
2020,8,17,9,17.2
2020,8,17,10,16.9
2020,8,17,11,18
2020,8,17,12,20.2
2020,8,17,13,23.2
2020,8,17,14,25.5
2020,8,17,15,26.7
2020,8,17,16,27.7
2020,8,17,17,28.8
2020,8,17,18,29.6
2020,8,17,19,29.7
2020,8,17,20,29.2
2020,8,17,21,28.2
2020,8,17,22,27.2
2020,8,17,23,25.5
2020,8,18,0,23.3
2020,8,18,1,22.5
2020,8,18,2,21.9
2020,8,18,3,21
2020,8,18,4,20.3
2020,8,18,5,19.9
2020,8,18,6,19.3
2020,8,18,7,18.6
2020,8,18,8,18
2020,8,18,9,17.5
2020,8,18,10,17
2020,8,18,11,16.8
2020,8,18,12,17.2
2020,8,18,13,18.4
2020,8,18,14,20.1
2020,8,18,15,21.7
2020,8,18,16,23.7
2020,8,18,17,25.3
2020,8,18,18,26.3
2020,8,18,19,26.8
2020,8,18,20,26.8
2020,8,18,21,26.5
2020,8,18,22,25.8
2020,8,18,23,23.7
2020,8,19,0,20.3
2020,8,19,1,18.7
2020,8,19,2,17.7
2020,8,19,3,16.7
2020,8,19,4,15.8
2020,8,19,5,15.1
2020,8,19,6,14.5
2020,8,19,7,14
2020,8,19,8,13.6
2020,8,19,9,13.1
2020,8,19,10,12.7
2020,8,19,11,13.6
2020,8,19,12,15.4
2020,8,19,13,18.2
2020,8,19,14,21.6
2020,8,19,15,23.5
2020,8,19,16,24.7
2020,8,19,17,25.7
2020,8,19,18,26.4
2020,8,19,19,26.8
2020,8,19,20,26.8
2020,8,19,21,26.5
2020,8,19,22,25.6
2020,8,19,23,23.5
2020,8,20,0,19.5
2020,8,20,1,17.9
2020,8,20,2,17
2020,8,20,3,16.2
2020,8,20,4,15.5
2020,8,20,5,14.9
2020,8,20,6,14.4
2020,8,20,7,13.8
2020,8,20,8,13.4
2020,8,20,9,13
2020,8,20,10,12.7
2020,8,20,11,13.6
2020,8,20,12,16.6
2020,8,20,13,19.3
2020,8,20,14,23.4
2020,8,20,15,25
2020,8,20,16,26.2
2020,8,20,17,27.2
2020,8,20,18,27.9
2020,8,20,19,28.3
2020,8,20,20,28.3
2020,8,20,21,27.9
2020,8,20,22,27.1
2020,8,20,23,25
2020,8,21,0,21
2020,8,21,1,19.4
2020,8,21,2,18.4
2020,8,21,3,17.9
2020,8,21,4,17.6
2020,8,21,5,17.7
2020,8,21,6,17.8
2020,8,21,7,17.5
2020,8,21,8,17.5
2020,8,21,9,17.1
2020,8,21,10,16.4
2020,8,21,11,16.2
2020,8,21,12,18.1
2020,8,21,13,20.4
2020,8,21,14,24.4
2020,8,21,15,26.3
2020,8,21,16,27.6
2020,8,21,17,28.6
2020,8,21,18,29.3
2020,8,21,19,29.6
2020,8,21,20,29.7
2020,8,21,21,29.3
2020,8,21,22,28.6
2020,8,21,23,26.4
2020,8,22,0,23.2
2020,8,22,1,22
2020,8,22,2,21.3
2020,8,22,3,20.9
2020,8,22,4,20.6
2020,8,22,5,19.9
2020,8,22,6,19.1
2020,8,22,7,18.1
2020,8,22,8,17.1
2020,8,22,9,16.3
2020,8,22,10,15.7
2020,8,22,11,16
2020,8,22,12,18.9
2020,8,22,13,21.2
2020,8,22,14,25.4
2020,8,22,15,27.5
2020,8,22,16,28.8
2020,8,22,17,29.8
2020,8,22,18,30.5
2020,8,22,19,30.9
2020,8,22,20,30.9
2020,8,22,21,30.4
2020,8,22,22,29.6
2020,8,22,23,27.3
2020,8,23,0,24.1
2020,8,23,1,23
2020,8,23,2,22.2
2020,8,23,3,21.4
2020,8,23,4,20.5
2020,8,23,5,19.8
2020,8,23,6,19.1
2020,8,23,7,18.5
2020,8,23,8,17.9
2020,8,23,9,17.5
2020,8,23,10,17.2
2020,8,23,11,17.8
2020,8,23,12,20.2
2020,8,23,13,23
2020,8,23,14,26.7
2020,8,23,15,28.4
2020,8,23,16,29.6
2020,8,23,17,30.5
2020,8,23,18,31.2
2020,8,23,19,31.5
2020,8,23,20,31.5
2020,8,23,21,31.1
2020,8,23,22,30.1
2020,8,23,23,27.9
2020,8,24,0,24.7
2020,8,24,1,23.9
2020,8,24,2,23.3
2020,8,24,3,22.7
2020,8,24,4,22.1
2020,8,24,5,21.5
2020,8,24,6,21.1
2020,8,24,7,20.7
2020,8,24,8,20.4
2020,8,24,9,20.1
2020,8,24,10,19.9
2020,8,24,11,20
2020,8,24,12,21.3
2020,8,24,13,23.8
2020,8,24,14,26.8
2020,8,24,15,29.8
2020,8,24,16,31.6
2020,8,24,17,32.7
2020,8,24,18,33.5
2020,8,24,19,33.9
2020,8,24,20,33.8
2020,8,24,21,33.2
2020,8,24,22,32.1
2020,8,24,23,29.3
2020,8,25,0,26.1
2020,8,25,1,25.1
2020,8,25,2,24.4
2020,8,25,3,23.8
2020,8,25,4,23.4
2020,8,25,5,23
2020,8,25,6,22.5
2020,8,25,7,22.1
2020,8,25,8,21.6
2020,8,25,9,21.1
2020,8,25,10,20.5
2020,8,25,11,20.7
2020,8,25,12,22.6
2020,8,25,13,25.1
2020,8,25,14,28.5
2020,8,25,15,31.4
2020,8,25,16,32.9
2020,8,25,17,33.9
2020,8,25,18,34.5
2020,8,25,19,34.7
2020,8,25,20,34.5
2020,8,25,21,33.9
2020,8,25,22,32.9
2020,8,25,23,30.6
2020,8,26,0,28.4
2020,8,26,1,27.5
2020,8,26,2,26.5
2020,8,26,3,25.6
2020,8,26,4,24.3
2020,8,26,5,23.3
2020,8,26,6,22.7
2020,8,26,7,22.2
2020,8,26,8,21.9
2020,8,26,9,21.6
2020,8,26,10,21.2
2020,8,26,11,21.6
2020,8,26,12,23.6
2020,8,26,13,26
2020,8,26,14,29.2
2020,8,26,15,30.8
2020,8,26,16,31.9
2020,8,26,17,32.7
2020,8,26,18,33.2
2020,8,26,19,33.3
2020,8,26,20,33.1
2020,8,26,21,32.4
2020,8,26,22,31.2
2020,8,26,23,29
2020,8,27,0,26.4
2020,8,27,1,25.6
2020,8,27,2,25
2020,8,27,3,24.5
2020,8,27,4,24.1
2020,8,27,5,23.8
2020,8,27,6,23.5
2020,8,27,7,23.3
2020,8,27,8,23.1
2020,8,27,9,22.8
2020,8,27,10,22.6
2020,8,27,11,22.8
2020,8,27,12,23.8
2020,8,27,13,25.7
2020,8,27,14,28.1
2020,8,27,15,29.7
2020,8,27,16,30.8
2020,8,27,17,31.4
2020,8,27,18,31.4
2020,8,27,19,30.9
2020,8,27,20,30.2
2020,8,27,21,29.7
2020,8,27,22,28.8
2020,8,27,23,27.1
2020,8,28,0,25.5
2020,8,28,1,25
2020,8,28,2,24.7
2020,8,28,3,24.3
2020,8,28,4,24.1
2020,8,28,5,23.8
2020,8,28,6,23.5
2020,8,28,7,23.1
2020,8,28,8,22.8
2020,8,28,9,22.6
2020,8,28,10,22.4
2020,8,28,11,22.7
2020,8,28,12,24.2
2020,8,28,13,25.3
2020,8,28,14,26.1
2020,8,28,15,26.6
2020,8,28,16,26.9
2020,8,28,17,26.9
2020,8,28,18,26.8
2020,8,28,19,27.2
2020,8,28,20,27.5
2020,8,28,21,27.6
2020,8,28,22,27.4
2020,8,28,23,26.3
2020,8,29,0,24
2020,8,29,1,23.3
2020,8,29,2,22.9
2020,8,29,3,22.6
2020,8,29,4,22.3
2020,8,29,5,21.9
2020,8,29,6,21.8
2020,8,29,7,21.6
2020,8,29,8,21.4
2020,8,29,9,21.1
2020,8,29,10,20.8
2020,8,29,11,20.6
2020,8,29,12,21.3
2020,8,29,13,22.6
2020,8,29,14,24.5
2020,8,29,15,26.4
2020,8,29,16,27.7
2020,8,29,17,28.7
2020,8,29,18,29.2
2020,8,29,19,29.4
2020,8,29,20,29.1
2020,8,29,21,28.2
2020,8,29,22,26.6
2020,8,29,23,24.2
2020,8,30,0,21.3
2020,8,30,1,20
2020,8,30,2,18.9
2020,8,30,3,17.9
2020,8,30,4,16.9
2020,8,30,5,16.1
2020,8,30,6,15.5
2020,8,30,7,15
2020,8,30,8,14.4
2020,8,30,9,13.9
2020,8,30,10,13.5
2020,8,30,11,13.8
2020,8,30,12,16.4
2020,8,30,13,19.5
2020,8,30,14,22.3
2020,8,30,15,23.8
2020,8,30,16,24.8
2020,8,30,17,25.6
2020,8,30,18,26
2020,8,30,19,25.7
2020,8,30,20,25.2
2020,8,30,21,24.6
2020,8,30,22,23.8
2020,8,30,23,21.8
2020,8,31,0,19.5
2020,8,31,1,18.6
2020,8,31,2,18.1
2020,8,31,3,17.6
2020,8,31,4,17.1
2020,8,31,5,16.7
2020,8,31,6,16.2
2020,8,31,7,15.4
2020,8,31,8,14.3
2020,8,31,9,13.8
2020,8,31,10,13.4
2020,8,31,11,13.7
2020,8,31,12,15.8
2020,8,31,13,19.1
2020,8,31,14,23.4
2020,8,31,15,25.8
2020,8,31,16,27.2
2020,8,31,17,28.3
2020,8,31,18,29.2
2020,8,31,19,29.9
2020,8,31,20,30.1
2020,8,31,21,29.7
2020,8,31,22,28.7
2020,8,31,23,26.2
2020,9,1,0,23.6
2020,9,1,1,22.7
2020,9,1,2,22
2020,9,1,3,21.5
2020,9,1,4,20.9
2020,9,1,5,20.4
2020,9,1,6,19.9
2020,9,1,7,19.4
2020,9,1,8,18.8
2020,9,1,9,18.4
2020,9,1,10,18.6
2020,9,1,11,19.3
2020,9,1,12,21.2
2020,9,1,13,23.4
2020,9,1,14,25.1
2020,9,1,15,26.1
2020,9,1,16,27.2
2020,9,1,17,27.9
2020,9,1,18,28.2
2020,9,1,19,28
2020,9,1,20,27.6
2020,9,1,21,27.1
2020,9,1,22,26.4
2020,9,1,23,24.9
2020,9,2,0,23.4
2020,9,2,1,22.8
2020,9,2,2,22.3
2020,9,2,3,22
2020,9,2,4,21.7
2020,9,2,5,21.5
2020,9,2,6,21.6
2020,9,2,7,21.6
2020,9,2,8,21.5
2020,9,2,9,21.4
2020,9,2,10,21.2
2020,9,2,11,21.1
2020,9,2,12,21.7
2020,9,2,13,22.4
2020,9,2,14,23.2
2020,9,2,15,24.5
2020,9,2,16,25.9
2020,9,2,17,27.1
2020,9,2,18,28.1
2020,9,2,19,28.6
2020,9,2,20,28.5
2020,9,2,21,27.9
2020,9,2,22,26.4
2020,9,2,23,23.7
2020,9,3,0,21.8
2020,9,3,1,21
2020,9,3,2,20.3
2020,9,3,3,19.6
2020,9,3,4,19.3
2020,9,3,5,19
2020,9,3,6,18.6
2020,9,3,7,18.2
2020,9,3,8,17.9
2020,9,3,9,17.7
2020,9,3,10,17.5
2020,9,3,11,17.6
2020,9,3,12,19.6
2020,9,3,13,21.8
2020,9,3,14,24.8
2020,9,3,15,26.9
2020,9,3,16,28.4
2020,9,3,17,29.5
2020,9,3,18,30.3
2020,9,3,19,30.6
2020,9,3,20,30.5
2020,9,3,21,30.1
2020,9,3,22,29.4
2020,9,3,23,27.6
2020,9,4,0,25.5
2020,9,4,1,23.5
2020,9,4,2,20.6
2020,9,4,3,18.3
2020,9,4,4,17
2020,9,4,5,16.2
2020,9,4,6,15.6
2020,9,4,7,15.2
2020,9,4,8,14.8
2020,9,4,9,14.3
2020,9,4,10,13.7
2020,9,4,11,13.6
2020,9,4,12,15.9
2020,9,4,13,19.2
2020,9,4,14,21.6
2020,9,4,15,23.1
2020,9,4,16,24.2
2020,9,4,17,25.1
2020,9,4,18,25.7
2020,9,4,19,25.9
2020,9,4,20,25.7
2020,9,4,21,25.1
2020,9,4,22,24
2020,9,4,23,21
2020,9,5,0,17.6
2020,9,5,1,17.1
2020,9,5,2,16.9
2020,9,5,3,16.1
2020,9,5,4,15.1
2020,9,5,5,14.4
2020,9,5,6,14.1
2020,9,5,7,13.8
2020,9,5,8,13.4
2020,9,5,9,13
2020,9,5,10,12.6
2020,9,5,11,12.6
2020,9,5,12,15
2020,9,5,13,17.8
2020,9,5,14,22.1
2020,9,5,15,25.6
2020,9,5,16,27.2
2020,9,5,17,28.4
2020,9,5,18,29.1
2020,9,5,19,29.4
2020,9,5,20,29.5
2020,9,5,21,29.2
2020,9,5,22,28.2
2020,9,5,23,25.2
2020,9,6,0,21.2
2020,9,6,1,19.4
2020,9,6,2,18
2020,9,6,3,16.8
2020,9,6,4,16
2020,9,6,5,15.4
2020,9,6,6,14.9
2020,9,6,7,14.5
2020,9,6,8,14.2
2020,9,6,9,13.9
2020,9,6,10,13.7
2020,9,6,11,13.9
2020,9,6,12,16.4
2020,9,6,13,17.7
2020,9,6,14,19.5
2020,9,6,15,21.4
2020,9,6,16,23
2020,9,6,17,24.5
2020,9,6,18,26.5
2020,9,6,19,27.7
2020,9,6,20,27.5
2020,9,6,21,26.5
2020,9,6,22,25.5
2020,9,6,23,23.9
2020,9,7,0,21.7
2020,9,7,1,20.6
2020,9,7,2,20.1
2020,9,7,3,20.1
2020,9,7,4,19.9
2020,9,7,5,19.9
2020,9,7,6,20.2
2020,9,7,7,19.7
2020,9,7,8,19.6
2020,9,7,9,19.3
2020,9,7,10,19.2
2020,9,7,11,19.3
2020,9,7,12,19.8
2020,9,7,13,21.1
2020,9,7,14,23.2
2020,9,7,15,25.1
2020,9,7,16,26.4
2020,9,7,17,27.3
2020,9,7,18,27.9
2020,9,7,19,27.9
2020,9,7,20,27.4
2020,9,7,21,26.9
2020,9,7,22,26.1
2020,9,7,23,24.9
2020,9,8,0,23.8
2020,9,8,1,23.1
2020,9,8,2,22.2
2020,9,8,3,21.3
2020,9,8,4,20.6
2020,9,8,5,20.4
2020,9,8,6,20.3
2020,9,8,7,20.4
2020,9,8,8,20.5
2020,9,8,9,20.4
2020,9,8,10,20.1
2020,9,8,11,19.8
2020,9,8,12,20.6
2020,9,8,13,21.9
2020,9,8,14,23.5
2020,9,8,15,25.2
2020,9,8,16,26.5
2020,9,8,17,27.6
2020,9,8,18,28.9
2020,9,8,19,29.4
2020,9,8,20,29.5
2020,9,8,21,29.4
2020,9,8,22,28.5
2020,9,8,23,26.5
2020,9,9,0,25.1
2020,9,9,1,24.3
2020,9,9,2,23.3
2020,9,9,3,22.6
2020,9,9,4,21.9
2020,9,9,5,21.1
2020,9,9,6,20.5
2020,9,9,7,20.2
2020,9,9,8,19.7
2020,9,9,9,19.3
2020,9,9,10,19
2020,9,9,11,18.4
2020,9,9,12,19.6
2020,9,9,13,21.5
2020,9,9,14,24.9
2020,9,9,15,27.4
2020,9,9,16,29.1
2020,9,9,17,30.3
2020,9,9,18,30.9
2020,9,9,19,31.3
2020,9,9,20,31.2
2020,9,9,21,30.8
2020,9,9,22,30
2020,9,9,23,27.7
2020,9,10,0,25.3
2020,9,10,1,23.7
2020,9,10,2,22.6
2020,9,10,3,21.4
2020,9,10,4,20.4
2020,9,10,5,19.5
2020,9,10,6,18.7
2020,9,10,7,17.9
2020,9,10,8,17.2
2020,9,10,9,16.7
2020,9,10,10,16.4
2020,9,10,11,16.3
2020,9,10,12,17.1
2020,9,10,13,18.7
2020,9,10,14,20.9
2020,9,10,15,22.5
2020,9,10,16,23.8
2020,9,10,17,25.1
2020,9,10,18,25.9
2020,9,10,19,26.3
2020,9,10,20,26.2
2020,9,10,21,25.7
2020,9,10,22,24.6
2020,9,10,23,22.8
2020,9,11,0,21.1
2020,9,11,1,20.2
2020,9,11,2,19.3
2020,9,11,3,18.7
2020,9,11,4,18.4
2020,9,11,5,18.1
2020,9,11,6,17.8
2020,9,11,7,17.6
2020,9,11,8,17.4
2020,9,11,9,17.1
2020,9,11,10,16.7
2020,9,11,11,16.5
2020,9,11,12,17.1
2020,9,11,13,18.4
2020,9,11,14,19.9
2020,9,11,15,21.5
2020,9,11,16,22.8
2020,9,11,17,24
2020,9,11,18,25
2020,9,11,19,25.6
2020,9,11,20,25.7
2020,9,11,21,25.3
2020,9,11,22,24.3
2020,9,11,23,22.5
2020,9,12,0,20.9
2020,9,12,1,20.2
2020,9,12,2,19.3
2020,9,12,3,18.4
2020,9,12,4,17.6
2020,9,12,5,16.9
2020,9,12,6,16.4
2020,9,12,7,16.1
2020,9,12,8,16.1
2020,9,12,9,16.1
2020,9,12,10,15.9
2020,9,12,11,15.8
2020,9,12,12,17
2020,9,12,13,19.3
2020,9,12,14,22
2020,9,12,15,24.2
2020,9,12,16,26.1
2020,9,12,17,27.5
2020,9,12,18,28.5
2020,9,12,19,28.9
2020,9,12,20,28.7
2020,9,12,21,28.3
2020,9,12,22,27.2
2020,9,12,23,25
2020,9,13,0,23.5
2020,9,13,1,22.9
2020,9,13,2,22.4
2020,9,13,3,21.9
2020,9,13,4,21.7
2020,9,13,5,21.5
2020,9,13,6,21.1
2020,9,13,7,20.2
2020,9,13,8,19
2020,9,13,9,17.8
2020,9,13,10,16.5
2020,9,13,11,15.7
2020,9,13,12,17.2
2020,9,13,13,18.9
2020,9,13,14,20.9
2020,9,13,15,23.2
2020,9,13,16,25
2020,9,13,17,26
2020,9,13,18,26.7
2020,9,13,19,26.9
2020,9,13,20,26.7
2020,9,13,21,26.2
2020,9,13,22,25.1
2020,9,13,23,22.1
2020,9,14,0,19.3
2020,9,14,1,18.3
2020,9,14,2,17.2
2020,9,14,3,15.9
2020,9,14,4,14.9
2020,9,14,5,14.2
2020,9,14,6,13.6
2020,9,14,7,13.1
2020,9,14,8,12.7
2020,9,14,9,12.5
2020,9,14,10,12.2
2020,9,14,11,12
2020,9,14,12,13.9
2020,9,14,13,16.7
2020,9,14,14,19.6
2020,9,14,15,21.1
2020,9,14,16,22.4
2020,9,14,17,23.4
2020,9,14,18,24
2020,9,14,19,24.2
2020,9,14,20,24
2020,9,14,21,23.6
2020,9,14,22,22.4
2020,9,14,23,19.4
2020,9,15,0,17.1
2020,9,15,1,16.3
2020,9,15,2,15.4
2020,9,15,3,14.6
2020,9,15,4,14
2020,9,15,5,13.4
2020,9,15,6,12.7
2020,9,15,7,12.2
2020,9,15,8,11.8
2020,9,15,9,11.2
2020,9,15,10,10.6
2020,9,15,11,10.1
2020,9,15,12,11.8
2020,9,15,13,14.1
2020,9,15,14,17.8
2020,9,15,15,20.4
2020,9,15,16,22
2020,9,15,17,23.3
2020,9,15,18,24.3
2020,9,15,19,24.9
2020,9,15,20,25
2020,9,15,21,24.6
2020,9,15,22,23.3
2020,9,15,23,19.6
2020,9,16,0,16.8
2020,9,16,1,15.4
2020,9,16,2,14.5
2020,9,16,3,13.8
2020,9,16,4,12.9
2020,9,16,5,12.1
2020,9,16,6,11.4
2020,9,16,7,10.8
2020,9,16,8,10.3
2020,9,16,9,9.9
2020,9,16,10,9.4
2020,9,16,11,9.1
2020,9,16,12,11.3
2020,9,16,13,13.6
2020,9,16,14,16.8
2020,9,16,15,21.1
2020,9,16,16,23.5
2020,9,16,17,24.9
2020,9,16,18,25.6
2020,9,16,19,26.1
2020,9,16,20,26.4
2020,9,16,21,26.1
2020,9,16,22,24.1
2020,9,16,23,20.6
2020,9,17,0,18.9
2020,9,17,1,18.3
2020,9,17,2,17.7
2020,9,17,3,17.2
2020,9,17,4,16.6
2020,9,17,5,15.8
2020,9,17,6,15.2
2020,9,17,7,15.1
2020,9,17,8,15.1
2020,9,17,9,14.8
2020,9,17,10,14.4
2020,9,17,11,14.3
2020,9,17,12,16.1
2020,9,17,13,17.8
2020,9,17,14,19.4
2020,9,17,15,20.7
2020,9,17,16,21.5
2020,9,17,17,21.9
2020,9,17,18,22.1
2020,9,17,19,22.1
2020,9,17,20,21.7
2020,9,17,21,21
2020,9,17,22,20.2
2020,9,17,23,18.4
2020,9,18,0,16.2
2020,9,18,1,15.2
2020,9,18,2,14.4
2020,9,18,3,13.5
2020,9,18,4,12.5
2020,9,18,5,11.6
2020,9,18,6,10.9
2020,9,18,7,10.1
2020,9,18,8,9.6
2020,9,18,9,9.2
2020,9,18,10,8.7
2020,9,18,11,8.2
2020,9,18,12,9.2
2020,9,18,13,11.7
2020,9,18,14,14
2020,9,18,15,15.9
2020,9,18,16,17.3
2020,9,18,17,18.4
2020,9,18,18,19.2
2020,9,18,19,19.5
2020,9,18,20,19.4
2020,9,18,21,18.7
2020,9,18,22,17.4
2020,9,18,23,13.7
2020,9,19,0,10.7
2020,9,19,1,9.9
2020,9,19,2,9.2
2020,9,19,3,8.6
2020,9,19,4,8.2
2020,9,19,5,7.8
2020,9,19,6,7.4
2020,9,19,7,7
2020,9,19,8,6.7
2020,9,19,9,6.2
2020,9,19,10,5.4
2020,9,19,11,4.9
2020,9,19,12,6.6
2020,9,19,13,9.6
2020,9,19,14,13.4
2020,9,19,15,15.4
2020,9,19,16,17
2020,9,19,17,18.4
2020,9,19,18,19.5
2020,9,19,19,20.1
2020,9,19,20,20.3
2020,9,19,21,20
2020,9,19,22,18.9
2020,9,19,23,14.9
2020,9,20,0,12.2
2020,9,20,1,11.3
2020,9,20,2,10.5
2020,9,20,3,9.7
2020,9,20,4,9
2020,9,20,5,8.4
2020,9,20,6,7.9
2020,9,20,7,7.5
2020,9,20,8,7
2020,9,20,9,6.4
2020,9,20,10,5.8
2020,9,20,11,5.3
2020,9,20,12,7.4
2020,9,20,13,10.1
2020,9,20,14,14.5
2020,9,20,15,18.1
2020,9,20,16,19.9
2020,9,20,17,21.3
2020,9,20,18,22.3
2020,9,20,19,22.8
2020,9,20,20,22.8
2020,9,20,21,22.2
2020,9,20,22,20.6
2020,9,20,23,16.4
2020,9,21,0,14.5
2020,9,21,1,13.9
2020,9,21,2,12.9
2020,9,21,3,11.8
2020,9,21,4,10.9
2020,9,21,5,9.9
2020,9,21,6,9
2020,9,21,7,8.2
2020,9,21,8,7.4
2020,9,21,9,6.9
2020,9,21,10,6.5
2020,9,21,11,6.2
2020,9,21,12,8.3
2020,9,21,13,11.2
2020,9,21,14,15.6
2020,9,21,15,19.3
2020,9,21,16,21.9
2020,9,21,17,23.4
2020,9,21,18,24.3
2020,9,21,19,24.7
2020,9,21,20,24.7
2020,9,21,21,24
2020,9,21,22,22.1
2020,9,21,23,17.5
2020,9,22,0,15.1
2020,9,22,1,14.3
2020,9,22,2,13.4
2020,9,22,3,12.5
2020,9,22,4,11.6
2020,9,22,5,10.8
2020,9,22,6,10.2
2020,9,22,7,9.7
2020,9,22,8,9.3
2020,9,22,9,9.1
2020,9,22,10,8.9
2020,9,22,11,8.7
2020,9,22,12,10.8
2020,9,22,13,13.7
2020,9,22,14,16.9
2020,9,22,15,21.4
2020,9,22,16,23.2
2020,9,22,17,24.3
2020,9,22,18,25.1
2020,9,22,19,25.5
2020,9,22,20,25.5
2020,9,22,21,24.9
2020,9,22,22,23.1
2020,9,22,23,19.9
2020,9,23,0,17.8
2020,9,23,1,16.5
2020,9,23,2,15.5
2020,9,23,3,14.8
2020,9,23,4,14.2
2020,9,23,5,13.6
2020,9,23,6,12.9
2020,9,23,7,12.3
2020,9,23,8,11.7
2020,9,23,9,11.2
2020,9,23,10,10.7
2020,9,23,11,10.3
2020,9,23,12,12.1
2020,9,23,13,14.4
2020,9,23,14,17.5
2020,9,23,15,21.8
2020,9,23,16,23.4
2020,9,23,17,24.2
2020,9,23,18,24.7
2020,9,23,19,24.6
2020,9,23,20,24
2020,9,23,21,22.9
2020,9,23,22,20.8
2020,9,23,23,18.1
2020,9,24,0,16.7
2020,9,24,1,16
2020,9,24,2,15.4
2020,9,24,3,14.8
2020,9,24,4,14.3
2020,9,24,5,13.9
2020,9,24,6,13.4
2020,9,24,7,13
2020,9,24,8,12.3
2020,9,24,9,11.5
2020,9,24,10,11.2
2020,9,24,11,11
2020,9,24,12,12.5
2020,9,24,13,14.8
2020,9,24,14,18.7
2020,9,24,15,21.7
2020,9,24,16,23.4
2020,9,24,17,24.7
2020,9,24,18,25.7
2020,9,24,19,26.2
2020,9,24,20,26.2
2020,9,24,21,25.7
2020,9,24,22,24.2
2020,9,24,23,20.9
2020,9,25,0,19.2
2020,9,25,1,18.2
2020,9,25,2,17.3
2020,9,25,3,16.3
2020,9,25,4,15.5
2020,9,25,5,14.8
2020,9,25,6,14.6
2020,9,25,7,14.7
2020,9,25,8,14.6
2020,9,25,9,14.1
2020,9,25,10,13.3
2020,9,25,11,12.4
2020,9,25,12,13.5
2020,9,25,13,16.2
2020,9,25,14,20.1
2020,9,25,15,22.9
2020,9,25,16,24.3
2020,9,25,17,25.4
2020,9,25,18,26.2
2020,9,25,19,26.6
2020,9,25,20,26.5
2020,9,25,21,26
2020,9,25,22,24.8
2020,9,25,23,21.2
2020,9,26,0,19.2
2020,9,26,1,18.2
2020,9,26,2,17.4
2020,9,26,3,16.8
2020,9,26,4,16.2
2020,9,26,5,15.6
2020,9,26,6,15.2
2020,9,26,7,15
2020,9,26,8,14.7
2020,9,26,9,14.1
2020,9,26,10,13.6
2020,9,26,11,13.3
2020,9,26,12,14.8
2020,9,26,13,17.4
2020,9,26,14,20.1
2020,9,26,15,22.1
2020,9,26,16,23.8
2020,9,26,17,25.4
2020,9,26,18,26.4
2020,9,26,19,26.9
2020,9,26,20,27
2020,9,26,21,26.5
2020,9,26,22,25.3
2020,9,26,23,22.5
2020,9,27,0,20.7
2020,9,27,1,19.6
2020,9,27,2,18.5
2020,9,27,3,17.8
2020,9,27,4,17.2
2020,9,27,5,16.9
2020,9,27,6,16.7
2020,9,27,7,16.7
2020,9,27,8,16.8
2020,9,27,9,16.7
2020,9,27,10,16.6
2020,9,27,11,16.4
2020,9,27,12,16.9
2020,9,27,13,18.6
2020,9,27,14,21.1
2020,9,27,15,23.5
2020,9,27,16,25.4
2020,9,27,17,26.9
2020,9,27,18,27.9
2020,9,27,19,28.4
2020,9,27,20,28.2
2020,9,27,21,27.5
2020,9,27,22,25.9
2020,9,27,23,23.3
2020,9,28,0,22.1
2020,9,28,1,21.2
2020,9,28,2,20.2
2020,9,28,3,19.4
2020,9,28,4,18.6
2020,9,28,5,17.9
2020,9,28,6,17.3
2020,9,28,7,16.8
2020,9,28,8,15.8
2020,9,28,9,14.6
2020,9,28,10,13.8
2020,9,28,11,13.4
2020,9,28,12,13.4
2020,9,28,13,14
2020,9,28,14,14.3
2020,9,28,15,13.8
2020,9,28,16,13.6
2020,9,28,17,13.9
2020,9,28,18,14.7
2020,9,28,19,16
2020,9,28,20,17.6
2020,9,28,21,18.2
2020,9,28,22,17.4
2020,9,28,23,15
2020,9,29,0,13.3
2020,9,29,1,12.1
2020,9,29,2,11.3
2020,9,29,3,10.8
2020,9,29,4,10.3
2020,9,29,5,9.7
2020,9,29,6,9.1
2020,9,29,7,8.4
2020,9,29,8,7.8
2020,9,29,9,7.4
2020,9,29,10,7.2
2020,9,29,11,7.2
2020,9,29,12,8.3
2020,9,29,13,10.5
2020,9,29,14,13.8
2020,9,29,15,16
2020,9,29,16,17.3
2020,9,29,17,18.2
2020,9,29,18,18.5
2020,9,29,19,18.5
2020,9,29,20,18.1
2020,9,29,21,17.4
2020,9,29,22,16.3
2020,9,29,23,13.4
2020,9,30,0,12
2020,9,30,1,11.4
2020,9,30,2,11
2020,9,30,3,10.5
2020,9,30,4,9.9
2020,9,30,5,9.6
2020,9,30,6,9.3
2020,9,30,7,8.8
2020,9,30,8,8.3
2020,9,30,9,8.1
2020,9,30,10,8
2020,9,30,11,7.8
2020,9,30,12,8.5
2020,9,30,13,11
2020,9,30,14,14.2
2020,9,30,15,16.5
2020,9,30,16,17.5
2020,9,30,17,17.9
2020,9,30,18,18.8
2020,9,30,19,19.8
2020,9,30,20,20.7
2020,9,30,21,20.3
2020,9,30,22,18.3
2020,9,30,23,15.5